observation_period,value,unit,official_field,source_url,vintage_status,missing_reason,release_date,release_source_url,release_title
1986-Q1,,CNY_100million,国内生产总值当季值 (亿元) ,https://data.stats.gov.cn/dg/website/publicrelease/web/external/stream/esData,latest_vintage_revised,official field blank; no fill,,,
1986-Q2,,CNY_100million,国内生产总值当季值 (亿元) ,https://data.stats.gov.cn/dg/website/publicrelease/web/external/stream/esData,latest_vintage_revised,official field blank; no fill,,,
1986-Q3,,CNY_100million,国内生产总值当季值 (亿元) ,https://data.stats.gov.cn/dg/website/publicrelease/web/external/stream/esData,latest_vintage_revised,official field blank; no fill,,,
1986-Q4,,CNY_100million,国内生产总值当季值 (亿元) ,https://data.stats.gov.cn/dg/website/publicrelease/web/external/stream/esData,latest_vintage_revised,official field blank; no fill,,,
1987-Q1,,CNY_100million,国内生产总值当季值 (亿元) ,https://data.stats.gov.cn/dg/website/publicrelease/web/external/stream/esData,latest_vintage_revised,official field blank; no fill,,,
1987-Q2,,CNY_100million,国内生产总值当季值 (亿元) ,https://data.stats.gov.cn/dg/website/publicrelease/web/external/stream/esData,latest_vintage_revised,official field blank; no fill,,,
1987-Q3,,CNY_100million,国内生产总值当季值 (亿元) ,https://data.stats.gov.cn/dg/website/publicrelease/web/external/stream/esData,latest_vintage_revised,official field blank; no fill,,,
1987-Q4,,CNY_100million,国内生产总值当季值 (亿元) ,https://data.stats.gov.cn/dg/website/publicrelease/web/external/stream/esData,latest_vintage_revised,official field blank; no fill,,,
1988-Q1,,CNY_100million,国内生产总值当季值 (亿元) ,https://data.stats.gov.cn/dg/website/publicrelease/web/external/stream/esData,latest_vintage_revised,official field blank; no fill,,,
1988-Q2,,CNY_100million,国内生产总值当季值 (亿元) ,https://data.stats.gov.cn/dg/website/publicrelease/web/external/stream/esData,latest_vintage_revised,official field blank; no fill,,,
1988-Q3,,CNY_100million,国内生产总值当季值 (亿元) ,https://data.stats.gov.cn/dg/website/publicrelease/web/external/stream/esData,latest_vintage_revised,official field blank; no fill,,,
1988-Q4,,CNY_100million,国内生产总值当季值 (亿元) ,https://data.stats.gov.cn/dg/website/publicrelease/web/external/stream/esData,latest_vintage_revised,official field blank; no fill,,,
1989-Q1,,CNY_100million,国内生产总值当季值 (亿元) ,https://data.stats.gov.cn/dg/website/publicrelease/web/external/stream/esData,latest_vintage_revised,official field blank; no fill,,,
1989-Q2,,CNY_100million,国内生产总值当季值 (亿元) ,https://data.stats.gov.cn/dg/website/publicrelease/web/external/stream/esData,latest_vintage_revised,official field blank; no fill,,,
1989-Q3,,CNY_100million,国内生产总值当季值 (亿元) ,https://data.stats.gov.cn/dg/website/publicrelease/web/external/stream/esData,latest_vintage_revised,official field blank; no fill,,,
1989-Q4,,CNY_100million,国内生产总值当季值 (亿元) ,https://data.stats.gov.cn/dg/website/publicrelease/web/external/stream/esData,latest_vintage_revised,official field blank; no fill,,,
1990-Q1,,CNY_100million,国内生产总值当季值 (亿元) ,https://data.stats.gov.cn/dg/website/publicrelease/web/external/stream/esData,latest_vintage_revised,official field blank; no fill,,,
1990-Q2,,CNY_100million,国内生产总值当季值 (亿元) ,https://data.stats.gov.cn/dg/website/publicrelease/web/external/stream/esData,latest_vintage_revised,official field blank; no fill,,,
1990-Q3,,CNY_100million,国内生产总值当季值 (亿元) ,https://data.stats.gov.cn/dg/website/publicrelease/web/external/stream/esData,latest_vintage_revised,official field blank; no fill,,,
1990-Q4,,CNY_100million,国内生产总值当季值 (亿元) ,https://data.stats.gov.cn/dg/website/publicrelease/web/external/stream/esData,latest_vintage_revised,official field blank; no fill,,,
1991-Q1,,CNY_100million,国内生产总值当季值 (亿元) ,https://data.stats.gov.cn/dg/website/publicrelease/web/external/stream/esData,latest_vintage_revised,official field blank; no fill,,,
1991-Q2,,CNY_100million,国内生产总值当季值 (亿元) ,https://data.stats.gov.cn/dg/website/publicrelease/web/external/stream/esData,latest_vintage_revised,official field blank; no fill,,,
1991-Q3,,CNY_100million,国内生产总值当季值 (亿元) ,https://data.stats.gov.cn/dg/website/publicrelease/web/external/stream/esData,latest_vintage_revised,official field blank; no fill,,,
1991-Q4,,CNY_100million,国内生产总值当季值 (亿元) ,https://data.stats.gov.cn/dg/website/publicrelease/web/external/stream/esData,latest_vintage_revised,official field blank; no fill,,,
1992-Q1,5284.9,CNY_100million,国内生产总值当季值 (亿元) ,https://data.stats.gov.cn/dg/website/publicrelease/web/external/stream/esData,latest_vintage_revised,,,,
1992-Q2,6507.9,CNY_100million,国内生产总值当季值 (亿元) ,https://data.stats.gov.cn/dg/website/publicrelease/web/external/stream/esData,latest_vintage_revised,,,,
1992-Q3,7218.4,CNY_100million,国内生产总值当季值 (亿元) ,https://data.stats.gov.cn/dg/website/publicrelease/web/external/stream/esData,latest_vintage_revised,,,,
1992-Q4,8284.4,CNY_100million,国内生产总值当季值 (亿元) ,https://data.stats.gov.cn/dg/website/publicrelease/web/external/stream/esData,latest_vintage_revised,,,,
1993-Q1,6866.3,CNY_100million,国内生产总值当季值 (亿元) ,https://data.stats.gov.cn/dg/website/publicrelease/web/external/stream/esData,latest_vintage_revised,,,,
1993-Q2,8390.4,CNY_100million,国内生产总值当季值 (亿元) ,https://data.stats.gov.cn/dg/website/publicrelease/web/external/stream/esData,latest_vintage_revised,,,,
1993-Q3,9423.1,CNY_100million,国内生产总值当季值 (亿元) ,https://data.stats.gov.cn/dg/website/publicrelease/web/external/stream/esData,latest_vintage_revised,,,,
1993-Q4,11139.9,CNY_100million,国内生产总值当季值 (亿元) ,https://data.stats.gov.cn/dg/website/publicrelease/web/external/stream/esData,latest_vintage_revised,,,,
1994-Q1,9424.1,CNY_100million,国内生产总值当季值 (亿元) ,https://data.stats.gov.cn/dg/website/publicrelease/web/external/stream/esData,latest_vintage_revised,,,,
1994-Q2,11532.7,CNY_100million,国内生产总值当季值 (亿元) ,https://data.stats.gov.cn/dg/website/publicrelease/web/external/stream/esData,latest_vintage_revised,,,,
1994-Q3,12925.4,CNY_100million,国内生产总值当季值 (亿元) ,https://data.stats.gov.cn/dg/website/publicrelease/web/external/stream/esData,latest_vintage_revised,,,,
1994-Q4,14980.1,CNY_100million,国内生产总值当季值 (亿元) ,https://data.stats.gov.cn/dg/website/publicrelease/web/external/stream/esData,latest_vintage_revised,,,,
1995-Q1,12182.3,CNY_100million,国内生产总值当季值 (亿元) ,https://data.stats.gov.cn/dg/website/publicrelease/web/external/stream/esData,latest_vintage_revised,,,,
1995-Q2,14685.2,CNY_100million,国内生产总值当季值 (亿元) ,https://data.stats.gov.cn/dg/website/publicrelease/web/external/stream/esData,latest_vintage_revised,,,,
1995-Q3,16241.8,CNY_100million,国内生产总值当季值 (亿元) ,https://data.stats.gov.cn/dg/website/publicrelease/web/external/stream/esData,latest_vintage_revised,,,,
1995-Q4,18540.1,CNY_100million,国内生产总值当季值 (亿元) ,https://data.stats.gov.cn/dg/website/publicrelease/web/external/stream/esData,latest_vintage_revised,,,,
1996-Q1,14720.6,CNY_100million,国内生产总值当季值 (亿元) ,https://data.stats.gov.cn/dg/website/publicrelease/web/external/stream/esData,latest_vintage_revised,,,,
1996-Q2,17239.7,CNY_100million,国内生产总值当季值 (亿元) ,https://data.stats.gov.cn/dg/website/publicrelease/web/external/stream/esData,latest_vintage_revised,,,,
1996-Q3,18705.5,CNY_100million,国内生产总值当季值 (亿元) ,https://data.stats.gov.cn/dg/website/publicrelease/web/external/stream/esData,latest_vintage_revised,,,,
1996-Q4,21544.7,CNY_100million,国内生产总值当季值 (亿元) ,https://data.stats.gov.cn/dg/website/publicrelease/web/external/stream/esData,latest_vintage_revised,,,,
1997-Q1,16808.1,CNY_100million,国内生产总值当季值 (亿元) ,https://data.stats.gov.cn/dg/website/publicrelease/web/external/stream/esData,latest_vintage_revised,,,,
1997-Q2,19280.8,CNY_100million,国内生产总值当季值 (亿元) ,https://data.stats.gov.cn/dg/website/publicrelease/web/external/stream/esData,latest_vintage_revised,,,,
1997-Q3,20629.8,CNY_100million,国内生产总值当季值 (亿元) ,https://data.stats.gov.cn/dg/website/publicrelease/web/external/stream/esData,latest_vintage_revised,,,,
1997-Q4,23506.4,CNY_100million,国内生产总值当季值 (亿元) ,https://data.stats.gov.cn/dg/website/publicrelease/web/external/stream/esData,latest_vintage_revised,,,,
1998-Q1,18205.4,CNY_100million,国内生产总值当季值 (亿元) ,https://data.stats.gov.cn/dg/website/publicrelease/web/external/stream/esData,latest_vintage_revised,,,,
1998-Q2,20449.7,CNY_100million,国内生产总值当季值 (亿元) ,https://data.stats.gov.cn/dg/website/publicrelease/web/external/stream/esData,latest_vintage_revised,,,,
1998-Q3,21945.6,CNY_100million,国内生产总值当季值 (亿元) ,https://data.stats.gov.cn/dg/website/publicrelease/web/external/stream/esData,latest_vintage_revised,,,,
1998-Q4,25263.2,CNY_100million,国内生产总值当季值 (亿元) ,https://data.stats.gov.cn/dg/website/publicrelease/web/external/stream/esData,latest_vintage_revised,,,,
1999-Q1,19551.1,CNY_100million,国内生产总值当季值 (亿元) ,https://data.stats.gov.cn/dg/website/publicrelease/web/external/stream/esData,latest_vintage_revised,,,,
1999-Q2,21751.3,CNY_100million,国内生产总值当季值 (亿元) ,https://data.stats.gov.cn/dg/website/publicrelease/web/external/stream/esData,latest_vintage_revised,,,,
1999-Q3,23255.8,CNY_100million,国内生产总值当季值 (亿元) ,https://data.stats.gov.cn/dg/website/publicrelease/web/external/stream/esData,latest_vintage_revised,,,,
1999-Q4,26820.7,CNY_100million,国内生产总值当季值 (亿元) ,https://data.stats.gov.cn/dg/website/publicrelease/web/external/stream/esData,latest_vintage_revised,,,,
2000-Q1,21569.1,CNY_100million,国内生产总值当季值 (亿元) ,https://data.stats.gov.cn/dg/website/publicrelease/web/external/stream/esData,latest_vintage_revised,,,,
2000-Q2,24277.1,CNY_100million,国内生产总值当季值 (亿元) ,https://data.stats.gov.cn/dg/website/publicrelease/web/external/stream/esData,latest_vintage_revised,,,,
2000-Q3,25973.8,CNY_100million,国内生产总值当季值 (亿元) ,https://data.stats.gov.cn/dg/website/publicrelease/web/external/stream/esData,latest_vintage_revised,,,,
2000-Q4,29488.6,CNY_100million,国内生产总值当季值 (亿元) ,https://data.stats.gov.cn/dg/website/publicrelease/web/external/stream/esData,latest_vintage_revised,,,,
2001-Q1,24390.6,CNY_100million,国内生产总值当季值 (亿元) ,https://data.stats.gov.cn/dg/website/publicrelease/web/external/stream/esData,latest_vintage_revised,,,,
2001-Q2,27017.8,CNY_100million,国内生产总值当季值 (亿元) ,https://data.stats.gov.cn/dg/website/publicrelease/web/external/stream/esData,latest_vintage_revised,,,,
2001-Q3,28662.0,CNY_100million,国内生产总值当季值 (亿元) ,https://data.stats.gov.cn/dg/website/publicrelease/web/external/stream/esData,latest_vintage_revised,,,,
2001-Q4,32086.9,CNY_100million,国内生产总值当季值 (亿元) ,https://data.stats.gov.cn/dg/website/publicrelease/web/external/stream/esData,latest_vintage_revised,,,,
2002-Q1,26666.0,CNY_100million,国内生产总值当季值 (亿元) ,https://data.stats.gov.cn/dg/website/publicrelease/web/external/stream/esData,latest_vintage_revised,,,,
2002-Q2,29550.7,CNY_100million,国内生产总值当季值 (亿元) ,https://data.stats.gov.cn/dg/website/publicrelease/web/external/stream/esData,latest_vintage_revised,,,,
2002-Q3,31664.4,CNY_100million,国内生产总值当季值 (亿元) ,https://data.stats.gov.cn/dg/website/publicrelease/web/external/stream/esData,latest_vintage_revised,,,,
2002-Q4,35430.7,CNY_100million,国内生产总值当季值 (亿元) ,https://data.stats.gov.cn/dg/website/publicrelease/web/external/stream/esData,latest_vintage_revised,,,,
2003-Q1,30282.0,CNY_100million,国内生产总值当季值 (亿元) ,https://data.stats.gov.cn/dg/website/publicrelease/web/external/stream/esData,latest_vintage_revised,,,,
2003-Q2,32978.2,CNY_100million,国内生产总值当季值 (亿元) ,https://data.stats.gov.cn/dg/website/publicrelease/web/external/stream/esData,latest_vintage_revised,,,,
2003-Q3,35778.3,CNY_100million,国内生产总值当季值 (亿元) ,https://data.stats.gov.cn/dg/website/publicrelease/web/external/stream/esData,latest_vintage_revised,,,,
2003-Q4,40338.8,CNY_100million,国内生产总值当季值 (亿元) ,https://data.stats.gov.cn/dg/website/publicrelease/web/external/stream/esData,latest_vintage_revised,,,,
2004-Q1,35107.8,CNY_100million,国内生产总值当季值 (亿元) ,https://data.stats.gov.cn/dg/website/publicrelease/web/external/stream/esData,latest_vintage_revised,,,,
2004-Q2,39251.8,CNY_100million,国内生产总值当季值 (亿元) ,https://data.stats.gov.cn/dg/website/publicrelease/web/external/stream/esData,latest_vintage_revised,,,,
2004-Q3,42448.0,CNY_100million,国内生产总值当季值 (亿元) ,https://data.stats.gov.cn/dg/website/publicrelease/web/external/stream/esData,latest_vintage_revised,,,,
2004-Q4,47420.3,CNY_100million,国内生产总值当季值 (亿元) ,https://data.stats.gov.cn/dg/website/publicrelease/web/external/stream/esData,latest_vintage_revised,,,,
2005-Q1,41079.2,CNY_100million,国内生产总值当季值 (亿元) ,https://data.stats.gov.cn/dg/website/publicrelease/web/external/stream/esData,latest_vintage_revised,,,,
2005-Q2,45399.8,CNY_100million,国内生产总值当季值 (亿元) ,https://data.stats.gov.cn/dg/website/publicrelease/web/external/stream/esData,latest_vintage_revised,,,,
2005-Q3,48681.7,CNY_100million,国内生产总值当季值 (亿元) ,https://data.stats.gov.cn/dg/website/publicrelease/web/external/stream/esData,latest_vintage_revised,,,,
2005-Q4,54746.8,CNY_100million,国内生产总值当季值 (亿元) ,https://data.stats.gov.cn/dg/website/publicrelease/web/external/stream/esData,latest_vintage_revised,,,,
2006-Q1,47831.7,CNY_100million,国内生产总值当季值 (亿元) ,https://data.stats.gov.cn/dg/website/publicrelease/web/external/stream/esData,latest_vintage_revised,,,,
2006-Q2,53415.3,CNY_100million,国内生产总值当季值 (亿元) ,https://data.stats.gov.cn/dg/website/publicrelease/web/external/stream/esData,latest_vintage_revised,,,,
2006-Q3,56820.5,CNY_100million,国内生产总值当季值 (亿元) ,https://data.stats.gov.cn/dg/website/publicrelease/web/external/stream/esData,latest_vintage_revised,,,,
2006-Q4,64510.8,CNY_100million,国内生产总值当季值 (亿元) ,https://data.stats.gov.cn/dg/website/publicrelease/web/external/stream/esData,latest_vintage_revised,,,,
2007-Q1,58080.6,CNY_100million,国内生产总值当季值 (亿元) ,https://data.stats.gov.cn/dg/website/publicrelease/web/external/stream/esData,latest_vintage_revised,,,,
2007-Q2,65751.0,CNY_100million,国内生产总值当季值 (亿元) ,https://data.stats.gov.cn/dg/website/publicrelease/web/external/stream/esData,latest_vintage_revised,,,,
2007-Q3,70494.1,CNY_100million,国内生产总值当季值 (亿元) ,https://data.stats.gov.cn/dg/website/publicrelease/web/external/stream/esData,latest_vintage_revised,,,,
2007-Q4,79854.0,CNY_100million,国内生产总值当季值 (亿元) ,https://data.stats.gov.cn/dg/website/publicrelease/web/external/stream/esData,latest_vintage_revised,,,,
2008-Q1,70609.6,CNY_100million,国内生产总值当季值 (亿元) ,https://data.stats.gov.cn/dg/website/publicrelease/web/external/stream/esData,latest_vintage_revised,,,,
2008-Q2,79965.0,CNY_100million,国内生产总值当季值 (亿元) ,https://data.stats.gov.cn/dg/website/publicrelease/web/external/stream/esData,latest_vintage_revised,,,,
2008-Q3,83668.3,CNY_100million,国内生产总值当季值 (亿元) ,https://data.stats.gov.cn/dg/website/publicrelease/web/external/stream/esData,latest_vintage_revised,,,,
2008-Q4,90075.0,CNY_100million,国内生产总值当季值 (亿元) ,https://data.stats.gov.cn/dg/website/publicrelease/web/external/stream/esData,latest_vintage_revised,,,,
2009-Q1,75341.3,CNY_100million,国内生产总值当季值 (亿元) ,https://data.stats.gov.cn/dg/website/publicrelease/web/external/stream/esData,latest_vintage_revised,,,,
2009-Q2,85355.6,CNY_100million,国内生产总值当季值 (亿元) ,https://data.stats.gov.cn/dg/website/publicrelease/web/external/stream/esData,latest_vintage_revised,,,,
2009-Q3,91330.0,CNY_100million,国内生产总值当季值 (亿元) ,https://data.stats.gov.cn/dg/website/publicrelease/web/external/stream/esData,latest_vintage_revised,,,,
2009-Q4,102494.7,CNY_100million,国内生产总值当季值 (亿元) ,https://data.stats.gov.cn/dg/website/publicrelease/web/external/stream/esData,latest_vintage_revised,,,,
2010-Q1,89125.0,CNY_100million,国内生产总值当季值 (亿元) ,https://data.stats.gov.cn/dg/website/publicrelease/web/external/stream/esData,latest_vintage_revised,,,,
2010-Q2,101075.0,CNY_100million,国内生产总值当季值 (亿元) ,https://data.stats.gov.cn/dg/website/publicrelease/web/external/stream/esData,latest_vintage_revised,,,,
2010-Q3,107792.9,CNY_100million,国内生产总值当季值 (亿元) ,https://data.stats.gov.cn/dg/website/publicrelease/web/external/stream/esData,latest_vintage_revised,,,,
2010-Q4,121260.4,CNY_100million,国内生产总值当季值 (亿元) ,https://data.stats.gov.cn/dg/website/publicrelease/web/external/stream/esData,latest_vintage_revised,,,,
2011-Q1,106218.9,CNY_100million,国内生产总值当季值 (亿元) ,https://data.stats.gov.cn/dg/website/publicrelease/web/external/stream/esData,latest_vintage_revised,,,,
2011-Q2,120776.8,CNY_100million,国内生产总值当季值 (亿元) ,https://data.stats.gov.cn/dg/website/publicrelease/web/external/stream/esData,latest_vintage_revised,,,,
2011-Q3,128561.5,CNY_100million,国内生产总值当季值 (亿元) ,https://data.stats.gov.cn/dg/website/publicrelease/web/external/stream/esData,latest_vintage_revised,,,,
2011-Q4,140150.3,CNY_100million,国内生产总值当季值 (亿元) ,https://data.stats.gov.cn/dg/website/publicrelease/web/external/stream/esData,latest_vintage_revised,,,,
2012-Q1,119377.5,CNY_100million,国内生产总值当季值 (亿元) ,https://data.stats.gov.cn/dg/website/publicrelease/web/external/stream/esData,latest_vintage_revised,,,,
2012-Q2,133491.2,CNY_100million,国内生产总值当季值 (亿元) ,https://data.stats.gov.cn/dg/website/publicrelease/web/external/stream/esData,latest_vintage_revised,,,,
2012-Q3,140384.0,CNY_100million,国内生产总值当季值 (亿元) ,https://data.stats.gov.cn/dg/website/publicrelease/web/external/stream/esData,latest_vintage_revised,,,,
2012-Q4,154258.0,CNY_100million,国内生产总值当季值 (亿元) ,https://data.stats.gov.cn/dg/website/publicrelease/web/external/stream/esData,latest_vintage_revised,,,,
2013-Q1,131879.7,CNY_100million,国内生产总值当季值 (亿元) ,https://data.stats.gov.cn/dg/website/publicrelease/web/external/stream/esData,latest_vintage_revised,,,,
2013-Q2,146113.9,CNY_100million,国内生产总值当季值 (亿元) ,https://data.stats.gov.cn/dg/website/publicrelease/web/external/stream/esData,latest_vintage_revised,,,,
2013-Q3,154972.1,CNY_100million,国内生产总值当季值 (亿元) ,https://data.stats.gov.cn/dg/website/publicrelease/web/external/stream/esData,latest_vintage_revised,,,,
2013-Q4,170694.7,CNY_100million,国内生产总值当季值 (亿元) ,https://data.stats.gov.cn/dg/website/publicrelease/web/external/stream/esData,latest_vintage_revised,,,,
2014-Q1,143539.4,CNY_100million,国内生产总值当季值 (亿元) ,https://data.stats.gov.cn/dg/website/publicrelease/web/external/stream/esData,latest_vintage_revised,,,,
2014-Q2,159462.4,CNY_100million,国内生产总值当季值 (亿元) ,https://data.stats.gov.cn/dg/website/publicrelease/web/external/stream/esData,latest_vintage_revised,,,,
2014-Q3,168601.7,CNY_100million,国内生产总值当季值 (亿元) ,https://data.stats.gov.cn/dg/website/publicrelease/web/external/stream/esData,latest_vintage_revised,,,,
2014-Q4,184179.4,CNY_100million,国内生产总值当季值 (亿元) ,https://data.stats.gov.cn/dg/website/publicrelease/web/external/stream/esData,latest_vintage_revised,,,,
2015-Q1,154171.4,CNY_100million,国内生产总值当季值 (亿元) ,https://data.stats.gov.cn/dg/website/publicrelease/web/external/stream/esData,latest_vintage_revised,,,,
2015-Q2,171887.0,CNY_100million,国内生产总值当季值 (亿元) ,https://data.stats.gov.cn/dg/website/publicrelease/web/external/stream/esData,latest_vintage_revised,,,,
2015-Q3,180118.7,CNY_100million,国内生产总值当季值 (亿元) ,https://data.stats.gov.cn/dg/website/publicrelease/web/external/stream/esData,latest_vintage_revised,,,,
2015-Q4,196334.4,CNY_100million,国内生产总值当季值 (亿元) ,https://data.stats.gov.cn/dg/website/publicrelease/web/external/stream/esData,latest_vintage_revised,,,,
2016-Q1,165735.3,CNY_100million,国内生产总值当季值 (亿元) ,https://data.stats.gov.cn/dg/website/publicrelease/web/external/stream/esData,latest_vintage_revised,,,,
2016-Q2,185002.2,CNY_100million,国内生产总值当季值 (亿元) ,https://data.stats.gov.cn/dg/website/publicrelease/web/external/stream/esData,latest_vintage_revised,,,,
2016-Q3,194837.5,CNY_100million,国内生产总值当季值 (亿元) ,https://data.stats.gov.cn/dg/website/publicrelease/web/external/stream/esData,latest_vintage_revised,,,,
2016-Q4,215617.9,CNY_100million,国内生产总值当季值 (亿元) ,https://data.stats.gov.cn/dg/website/publicrelease/web/external/stream/esData,latest_vintage_revised,,,,
2017-Q1,185274.4,CNY_100million,国内生产总值当季值 (亿元) ,https://data.stats.gov.cn/dg/website/publicrelease/web/external/stream/esData,latest_vintage_revised,,,,
2017-Q2,205665.6,CNY_100million,国内生产总值当季值 (亿元) ,https://data.stats.gov.cn/dg/website/publicrelease/web/external/stream/esData,latest_vintage_revised,,,,
2017-Q3,216755.3,CNY_100million,国内生产总值当季值 (亿元) ,https://data.stats.gov.cn/dg/website/publicrelease/web/external/stream/esData,latest_vintage_revised,,,,
2017-Q4,239687.6,CNY_100million,国内生产总值当季值 (亿元) ,https://data.stats.gov.cn/dg/website/publicrelease/web/external/stream/esData,latest_vintage_revised,,,,
2018-Q1,205735.3,CNY_100million,国内生产总值当季值 (亿元) ,https://data.stats.gov.cn/dg/website/publicrelease/web/external/stream/esData,latest_vintage_revised,,,,
2018-Q2,228042.4,CNY_100million,国内生产总值当季值 (亿元) ,https://data.stats.gov.cn/dg/website/publicrelease/web/external/stream/esData,latest_vintage_revised,,,,
2018-Q3,238796.8,CNY_100million,国内生产总值当季值 (亿元) ,https://data.stats.gov.cn/dg/website/publicrelease/web/external/stream/esData,latest_vintage_revised,,,,
2018-Q4,263435.6,CNY_100million,国内生产总值当季值 (亿元) ,https://data.stats.gov.cn/dg/website/publicrelease/web/external/stream/esData,latest_vintage_revised,,,,
2019-Q1,221453.9,CNY_100million,国内生产总值当季值 (亿元) ,https://data.stats.gov.cn/dg/website/publicrelease/web/external/stream/esData,latest_vintage_revised,,,,
2019-Q2,246193.9,CNY_100million,国内生产总值当季值 (亿元) ,https://data.stats.gov.cn/dg/website/publicrelease/web/external/stream/esData,latest_vintage_revised,,,,
2019-Q3,256023.2,CNY_100million,国内生产总值当季值 (亿元) ,https://data.stats.gov.cn/dg/website/publicrelease/web/external/stream/esData,latest_vintage_revised,,,,
2019-Q4,282201.4,CNY_100million,国内生产总值当季值 (亿元) ,https://data.stats.gov.cn/dg/website/publicrelease/web/external/stream/esData,latest_vintage_revised,,,,
2020-Q1,209671.1,CNY_100million,国内生产总值当季值 (亿元) ,https://data.stats.gov.cn/dg/website/publicrelease/web/external/stream/esData,latest_vintage_revised,,,,
2020-Q2,253450.0,CNY_100million,国内生产总值当季值 (亿元) ,https://data.stats.gov.cn/dg/website/publicrelease/web/external/stream/esData,latest_vintage_revised,,,,
2020-Q3,269910.2,CNY_100million,国内生产总值当季值 (亿元) ,https://data.stats.gov.cn/dg/website/publicrelease/web/external/stream/esData,latest_vintage_revised,,,,
2020-Q4,301836.2,CNY_100million,国内生产总值当季值 (亿元) ,https://data.stats.gov.cn/dg/website/publicrelease/web/external/stream/esData,latest_vintage_revised,,,,
2021-Q1,255055.2,CNY_100million,国内生产总值当季值 (亿元) ,https://data.stats.gov.cn/dg/website/publicrelease/web/external/stream/esData,latest_vintage_revised,,,,
2021-Q2,287979.2,CNY_100million,国内生产总值当季值 (亿元) ,https://data.stats.gov.cn/dg/website/publicrelease/web/external/stream/esData,latest_vintage_revised,,,,
2021-Q3,297961.9,CNY_100million,国内生产总值当季值 (亿元) ,https://data.stats.gov.cn/dg/website/publicrelease/web/external/stream/esData,latest_vintage_revised,,2021-10-19,https://www.stats.gov.cn/sj/zxfb/202302/t20230203_1901249.html,2021年三季度国内生产总值（GDP）初步核算结果
2021-Q4,332826.7,CNY_100million,国内生产总值当季值 (亿元) ,https://data.stats.gov.cn/dg/website/publicrelease/web/external/stream/esData,latest_vintage_revised,,2022-01-18,https://www.stats.gov.cn/sj/zxfb/202302/t20230203_1901345.html,2021年四季度和全年国内生产总值（GDP）初步核算结果
2022-Q1,277175.8,CNY_100million,国内生产总值当季值 (亿元) ,https://data.stats.gov.cn/dg/website/publicrelease/web/external/stream/esData,latest_vintage_revised,,2022-04-19,https://www.stats.gov.cn/sj/zxfb/202302/t20230203_1901436.html,2022年一季度国内生产总值初步核算结果
2022-Q2,299111.5,CNY_100million,国内生产总值当季值 (亿元) ,https://data.stats.gov.cn/dg/website/publicrelease/web/external/stream/esData,latest_vintage_revised,,2022-07-16,https://www.stats.gov.cn/sj/zxfb/202302/t20230203_1901532.html,2022年二季度和上半年国内生产总值初步核算结果
2022-Q3,315399.6,CNY_100million,国内生产总值当季值 (亿元) ,https://data.stats.gov.cn/dg/website/publicrelease/web/external/stream/esData,latest_vintage_revised,,2022-10-24,https://www.stats.gov.cn/sj/zxfb/202302/t20230203_1901626.html,2022年三季度国内生产总值初步核算结果
2022-Q4,342342.4,CNY_100million,国内生产总值当季值 (亿元) ,https://data.stats.gov.cn/dg/website/publicrelease/web/external/stream/esData,latest_vintage_revised,,2023-01-18,https://www.stats.gov.cn/sj/zxfb/202302/t20230203_1901718.html,2022年四季度和全年国内生产总值初步核算结果
2023-Q1,292368.8,CNY_100million,国内生产总值当季值 (亿元) ,https://data.stats.gov.cn/dg/website/publicrelease/web/external/stream/esData,latest_vintage_revised,,2023-04-19,https://www.stats.gov.cn/sj/zxfb/202304/t20230419_1938791.html,2023年一季度国内生产总值初步核算结果
2023-Q2,316237.5,CNY_100million,国内生产总值当季值 (亿元) ,https://data.stats.gov.cn/dg/website/publicrelease/web/external/stream/esData,latest_vintage_revised,,2023-07-18,https://www.stats.gov.cn/sj/zxfb/202307/t20230717_1941310.html,2023年二季度和上半年国内生产总值初步核算结果
2023-Q3,328440.7,CNY_100million,国内生产总值当季值 (亿元) ,https://data.stats.gov.cn/dg/website/publicrelease/web/external/stream/esData,latest_vintage_revised,,2023-10-19,https://www.stats.gov.cn/sj/zxfb/202310/t20231019_1943720.html,2023年三季度国内生产总值初步核算结果
2023-Q4,357224.8,CNY_100million,国内生产总值当季值 (亿元) ,https://data.stats.gov.cn/dg/website/publicrelease/web/external/stream/esData,latest_vintage_revised,,2024-01-18,https://www.stats.gov.cn/sj/zxfb/202401/t20240118_1946691.html,2023年四季度和全年国内生产总值初步核算结果
2024-Q1,304525.2,CNY_100million,国内生产总值当季值 (亿元) ,https://data.stats.gov.cn/dg/website/publicrelease/web/external/stream/esData,latest_vintage_revised,,2024-04-17,https://www.stats.gov.cn/sj/zxfb/202404/t20240429_1948771.html,2024年一季度国内生产总值初步核算结果
2024-Q2,328585.4,CNY_100million,国内生产总值当季值 (亿元) ,https://data.stats.gov.cn/dg/website/publicrelease/web/external/stream/esData,latest_vintage_revised,,2024-07-16,https://www.stats.gov.cn/sj/zxfb/202407/t20240716_1955649.html,2024年二季度和上半年国内生产总值初步核算结果
2024-Q3,341443.2,CNY_100million,国内生产总值当季值 (亿元) ,https://data.stats.gov.cn/dg/website/publicrelease/web/external/stream/esData,latest_vintage_revised,,2024-10-19,https://www.stats.gov.cn/sj/zxfb/202410/t20241019_1957083.html,2024年三季度国内生产总值初步核算结果
2024-Q4,373512.4,CNY_100million,国内生产总值当季值 (亿元) ,https://data.stats.gov.cn/dg/website/publicrelease/web/external/stream/esData,latest_vintage_revised,,2025-01-18,https://www.stats.gov.cn/sj/zxfb/202501/t20250118_1958363.html,2024年四季度和全年国内生产总值初步核算结果
2025-Q1,318466.4,CNY_100million,国内生产总值当季值 (亿元) ,https://data.stats.gov.cn/dg/website/publicrelease/web/external/stream/esData,latest_vintage_revised,,2025-04-17,https://www.stats.gov.cn/sj/zxfb/202504/t20250417_1959334.html,2025年一季度国内生产总值初步核算结果
2025-Q2,341395.3,CNY_100million,国内生产总值当季值 (亿元) ,https://data.stats.gov.cn/dg/website/publicrelease/web/external/stream/esData,latest_vintage_revised,,2025-07-16,https://www.stats.gov.cn/sj/zxfb/202507/t20250716_1960426.html,2025年二季度和上半年国内生产总值初步核算结果
2025-Q3,354106.2,CNY_100million,国内生产总值当季值 (亿元) ,https://data.stats.gov.cn/dg/website/publicrelease/web/external/stream/esData,latest_vintage_revised,,2025-10-21,https://www.stats.gov.cn/sj/zxfb/202510/t20251021_1961646.html,2025年三季度国内生产总值初步核算结果
2025-Q4,387911.3,CNY_100million,国内生产总值当季值 (亿元) ,https://data.stats.gov.cn/dg/website/publicrelease/web/external/stream/esData,latest_vintage_revised,,2026-01-20,https://www.stats.gov.cn/sj/zxfb/202601/t20260120_1962349.html,2025年四季度和全年国内生产总值初步核算结果
2026-Q1,334192.9,CNY_100million,国内生产总值当季值 (亿元) ,https://data.stats.gov.cn/dg/website/publicrelease/web/external/stream/esData,latest_vintage_revised,,2026-04-17,https://www.stats.gov.cn/sj/zxfb/202604/t20260417_1963336.html,2026年一季度国内生产总值初步核算结果
2026-Q2,361511.1,CNY_100million,国内生产总值当季值 (亿元) ,https://data.stats.gov.cn/dg/website/publicrelease/web/external/stream/esData,latest_vintage_revised,,2026-07-16,https://www.stats.gov.cn/sj/zxfb/202607/t20260716_1964142.html,2026年二季度和上半年国内生产总值初步核算结果
2026-Q3,,CNY_100million,国内生产总值当季值 (亿元) ,https://data.stats.gov.cn/dg/website/publicrelease/web/external/stream/esData,latest_vintage_revised,official field blank; no fill,,,
