date,retail_yoy,retail_release_date,ppi_yoy,ppi_release_date,hk_m2_yoy,hk_m2_release_date,social_financing_release_date,gdp_current_quarter,gdp_previous_quarter,gdp_2q,gdp_quarter,gdp_release_date,social_financing_monthly,sf6,sf6_last_year,sf6_difference,credit_impulse_raw,credit_impulse_3m,credit_impulse_raw_percent,z_retail,contribution_retail,weighted_mean_retail,weighted_std_retail,z_ppi,contribution_ppi,weighted_mean_ppi,weighted_std_ppi,z_hk_m2,contribution_hk_m2,weighted_mean_hk_m2,weighted_std_hk_m2,z_credit_impulse,contribution_credit_impulse,weighted_mean_credit_impulse,weighted_std_credit_impulse,leading_indicator,hsi_close,m2_release_date
2012-07,13.1,,-2.9000000000000057,,7.7,2012-08-31,,133491.2,119377.5,252868.7,2012Q2,,10522.0,78527.0,65473.0,13054.0,0.05162362917988664,0.011140618566055546,5.162362917988664,-0.8090917004769028,-0.2022729251192257,15.948975535942097,3.521202274430483,-1.197792393767097,-0.2994480984417742,2.7825182197319407,4.744159546597418,-1.2467829317650618,-0.31169573294126546,11.09819223685384,2.7255684612581628,-0.2965658026313912,-0.0741414506578478,0.03453179491390407,0.07887347812964794,-0.8875582071601132,19796.81,2012-08-31
2012-08,13.2,,-3.5,,8.9,2012-09-28,2012-09-11,133491.2,119377.5,252868.7,2012Q2,,12475.0,80571.0,69746.0,10825.0,0.04280877783608647,0.03163433565851897,4.280877783608647,-0.7675740114630172,-0.1918935028657543,15.891542814505176,3.506558031290066,-1.2896143555621387,-0.32240358889053466,2.6614237721779896,4.777725795005008,-0.7510601325072619,-0.18776503312681547,10.908884848794125,2.674732370746228,-0.03633467697733701,-0.009083669244334253,0.03446881871372574,0.07801041019229989,-0.7111457941274387,19482.57,2012-09-28
2012-09,14.2,,-3.5999999999999943,,10.5,2012-10-31,2012-10-12,140384.0,133491.2,273875.2,2012Q3,,16462.0,78330.0,55813.0,22517.0,0.0822162795316991,0.058882895515890744,8.22162795316991,-0.4761739386554994,-0.11904348466387485,15.856266700657569,3.4782808679830746,-1.2766956844130406,-0.31917392110326015,2.5407606420006448,4.8098859555743285,-0.1468540726385308,-0.0367135181596327,10.875884519188137,2.559578447057071,0.30922555121845513,0.07730638780461378,0.034998047599068625,0.07724086131533309,-0.39762453612215387,20840.38,2012-10-31
2012-10,14.5,,-2.799999999999997,,10.4,2012-11-30,2012-11-12,140384.0,133491.2,273875.2,2012Q3,,12906.0,81599.0,50048.0,31551.0,0.11520210665295726,0.08007572134024761,11.520210665295725,-0.38523118605194234,-0.09630779651298559,15.828032952499688,3.447366154620265,-1.0866673101167712,-0.2716668275291928,2.437860177581944,4.820113873692484,-0.1789179796055336,-0.0447294949013834,10.83970670745366,2.4575881553273478,0.5751321315768705,0.14378303289421762,0.035972664349876816,0.07668334730221225,-0.26892108604934417,21641.82,2012-11-30
2012-11,14.9,,-2.200000000000003,,10.3,2012-12-31,2012-12-11,140384.0,133491.2,273875.2,2012Q3,,11225.0,81392.0,48775.0,32617.0,0.11909439043768841,0.10550425887411492,11.90943904376884,-0.2661879737323634,-0.06654699343309085,15.80874755315079,3.413931667944105,-0.9444113397276636,-0.2361028349319159,2.348520108558136,4.816248934357119,-0.21163849037889046,-0.052909622594722615,10.80088781598999,2.3667141789438375,0.8889881240490983,0.22224703101227458,0.03747217006445146,0.07652755640851068,-0.13331241994745477,22030.39,2012-12-31
2012-12,15.2,,-1.9000000000000057,,11.1,2013-01-31,2013-01-10,154258.0,140384.0,294642.0,2012Q4,,16282.0,79872.0,50646.0,29226.0,0.09919156128454192,0.11116268612506253,9.919156128454192,-0.17639584734461353,-0.04409896183615338,15.796118813454607,3.3794379087054547,-0.8670510841089522,-0.21676277102723804,2.2666957949328803,4.8055943545874245,0.12215558342791556,0.03053889585697889,10.821321677503676,2.2813392124705714,0.9430667745714453,0.23576669364286132,0.03905740971539161,0.07645829367961508,0.0054438566364487795,22656.92,2013-01-31
2013-01,,,-1.5999999999999943,,12.4,2013-02-28,2013-02-08,154258.0,140384.0,294642.0,2012Q4,,25446.0,94796.0,55007.0,39789.0,0.13504184739446515,0.1177759330388985,13.504184739446515,,,15.796118813454607,3.3794379087054547,-0.791871492231789,-0.19796787305794725,2.192239336322305,4.7889580235226745,0.6594011633312172,0.1648502908328043,10.92410745496534,2.2382316366847537,1.0069549826249071,0.2517387456562268,0.04074668691552633,0.07649720936140969,,23729.53,2013-02-28
2013-02,,,-1.5999999999999943,,9.7,2013-03-28,2013-03-10,154258.0,140384.0,294642.0,2012Q4,,10705.0,93026.0,54697.0,38329.0,0.13008668146428548,0.1214400300477642,13.008668146428548,,,15.796118813454612,3.3794379087054556,-0.7794759365690447,-0.19486898414226117,2.1192301731429697,4.771449635140239,-0.5252703115502412,-0.1313175778875603,10.847915150059777,2.185379841232434,1.0311704614605903,0.2577926153651476,0.04247421473572819,0.07657881821031386,,23020.27,2013-03-28
2013-03,12.6,,-1.9000000000000057,,9.5,2013-04-30,2013-04-11,131879.7,154258.0,286137.7,2013Q1,,25503.0,102067.0,69121.0,32946.0,0.1151403677320395,0.1267562988635967,11.514036773203951,-0.9265621284845053,-0.2316405321211263,15.727381976261745,3.375253401924514,-0.8285105269021984,-0.2071276317255496,2.0418650312811564,4.757773019517083,-0.591871571017623,-0.14796789275440575,10.767488924724146,2.14149316640587,1.0748218993310945,0.2687054748327736,0.044274362411545455,0.07674009666474337,-0.3180305817683081,22299.63,2013-04-30
2013-04,12.8,,-2.5999999999999943,,10.3,2013-05-31,2013-05-10,131879.7,154258.0,286137.7,2013Q1,,17629.0,106790.0,70850.0,35940.0,0.12560386135766102,0.12361030351799535,12.560386135766102,-0.8510383509812433,-0.2127595877453108,15.664577704927579,3.365979572629992,-0.9573905437595163,-0.23934763593987907,1.9525309249785627,4.755145070789514,-0.2119069143257111,-0.052976728581427775,10.740683431742848,2.0796085542800933,1.0111891834617819,0.25279729586544547,0.045964998032270575,0.07678613137445549,-0.25228665640117215,22737.01,2013-05-31
2013-05,12.9,,-2.9000000000000057,,13.4,2013-06-28,2013-06-09,131879.7,154258.0,286137.7,2013Q1,,11871.0,107436.0,72701.0,34735.0,0.12139260223312062,0.12071227710760705,12.139260223312062,-0.8066266196600526,-0.20165665491501314,15.605407320376584,3.3539772361055467,-1.0005430839733722,-0.25013577099334305,1.8591588661236362,4.7565756461221005,1.1891982355437452,0.2972995588859363,10.887546452736373,2.112728956509796,0.9533956089838931,0.23834890224597327,0.047554290145902206,0.07673413457365819,0.08385603522355334,22392.16,2013-06-28
2013-06,13.3,,-2.700000000000003,,10.8,2013-07-31,2013-07-12,146113.9,131879.7,277993.6,2013Q2,,10375.0,101529.0,77759.0,23770.0,0.08550556559575473,0.11083400972884545,8.550556559575472,-0.6765457049637825,-0.16913642624094563,15.556179436062418,3.334851466070866,-0.9408727577188568,-0.2352181894297142,1.771446939770391,4.752445963693755,-0.04035737130070177,-0.010089342825175443,10.88288033329676,2.0536603506511653,0.8099946030249283,0.20249865075623208,0.04889681343034005,0.07646618393159742,-0.21194530773960318,20803.29,2013-07-31
2013-07,13.2,,-2.299999999999997,,11.6,2013-08-30,2013-08-09,146113.9,131879.7,277993.6,2013Q2,,8191.0,84274.0,78527.0,5747.0,0.020673137798855802,0.0758571018759104,2.06731377988558,-0.6952385003127334,-0.17380962507818334,15.505982019734168,3.31682152052409,-0.8424431805741849,-0.21061079514354622,1.6931311304901846,4.739941188399886,0.33927746582879686,0.08481936645719922,10.919836955757068,2.00473981548232,0.34837040490554005,0.08709260122638501,0.049467569990132354,0.07575135980030655,-0.21250845253814532,21883.66,2013-08-30
2013-08,13.4,,-1.5999999999999943,,11.3,2013-09-30,2013-09-10,146113.9,131879.7,277993.6,2013Q2,,15841.0,89410.0,80571.0,8839.0,0.031795696016023396,0.045991466470211316,3.17956960160234,-0.6254523827289643,-0.15636309568224108,15.461214994083088,3.2955586244465573,-0.6848470448743617,-0.1712117612185904,1.6297969972288988,4.716085177561676,0.18482354671122694,0.046205886677806736,10.938812543819122,1.9542285742693142,-0.04540103532374347,-0.011350258830935867,0.04939413418479071,0.07494691894834156,-0.29271922905396064,21731.37,2013-09-30
2013-09,13.3,,-1.2999999999999972,,13.3,2013-10-31,2013-10-14,154972.1,146113.9,301086.0,2013Q3,,14120.0,78027.0,78330.0,-303.0,-0.0010063569877045097,0.017154158942391574,-0.10063569877045096,-0.6458340759741535,-0.16145851899353839,15.41537413832695,3.2754142542512836,-0.6129415024724097,-0.15323537561810244,1.573459718565898,4.687983611772541,1.1383579576885892,0.2845894894221473,11.053143197378958,1.9737700144717538,-0.42478392551164584,-0.10619598137791146,0.04871443323946103,0.07429724243697682,-0.136300386567405,22859.86,2013-10-31
2013-10,13.3,,-1.5,,12.3,2013-11-29,2013-11-11,154972.1,146113.9,301086.0,2013Q3,,8645.0,69043.0,81599.0,-12556.0,-0.04170237075121394,-0.0036376772409650085,-4.170237075121394,-0.6361318883733676,-0.1590329720933419,15.370601446898698,3.2549876601743164,-0.6465795153557548,-0.1616448788389387,1.5143693438587555,4.662024193884673,0.6111815564264879,0.15279538910662196,11.111795537219061,1.9441104697730769,-0.6935378474575071,-0.17338446186437678,0.047612934083464294,0.07389735327684394,-0.3412669236900354,23206.37,2013-11-29
2013-11,13.7,,-1.4000000000000057,,12.5,2013-12-31,2013-12-11,154972.1,146113.9,301086.0,2013Q3,,12310.0,69482.0,81392.0,-11910.0,-0.03955680436818716,-0.02742184403570186,-3.9556804368187164,-0.506373681449474,-0.1265934203623685,15.335316475641276,3.2294657790275556,-0.6167579148985476,-0.1541894787246369,1.458346387859042,4.6344705415401535,0.6896832064487176,0.1724208016121794,11.17532009574571,1.920707785644465,-0.9938693725842959,-0.24846734314607397,0.04603729141980699,0.07391226400759054,-0.35682944062089994,23881.29,2013-12-31
2013-12,13.6,,-1.4000000000000057,,12.3,2014-01-30,2014-01-15,170694.7,154972.1,325666.80000000005,2013Q4,,12532.0,71639.0,79872.0,-8233.0,-0.025280440008008182,-0.03551320504246975,-2.528044000800818,-0.5300189804590207,-0.13250474511475518,15.298739677145555,3.205054422153654,-0.6085605343911293,-0.15214013359778233,1.4034087727123623,4.606622701087913,0.5682246281074209,0.14205615702685523,11.225447785224368,1.8910694144930518,-1.0779176792178455,-0.2694794198044614,0.04432812313195177,0.07406996815596872,-0.4120681414901437,23306.39,2014-01-30
2014-01,,,-1.5999999999999943,,9.6,2014-02-28,2014-02-15,170694.7,154972.1,325666.80000000005,2013Q4,,26004.0,89452.0,94796.0,-5344.0,-0.016409409863087053,-0.027082218079760786,-1.6409409863087052,,,15.298739677145559,3.2050544221536543,-0.6430354033069065,-0.1607588508267266,1.3456917151100303,4.580916851484943,-0.8274803809636164,-0.2068700952409041,11.154802073085609,1.8789594398298761,-0.9447287343004793,-0.23618218357511983,0.04283429739713669,0.07400697463559938,,22035.42,2014-02-28
2014-02,,,-2.0,,12.8,2014-03-31,2014-03-10,170694.7,154972.1,325666.80000000005,2013Q4,,9370.0,82981.0,93026.0,-10045.0,-0.03084440907086629,-0.024178086313987168,-3.084440907086629,,,15.298739677145557,3.2050544221536543,-0.7195900840356005,-0.17989752100890014,1.281406410758159,4.56010509810724,0.8431952414139077,0.21079881035347692,11.224603546804646,1.8683649715025181,-0.8883422224627785,-0.22208555561569462,0.041435059265314225,0.07386021278758996,,22836.961,2014-03-31
2014-03,12.2,,-2.299999999999997,,12.1,2014-04-30,2014-04-15,143539.4,170694.7,314234.1,2014Q1,,20934.0,89795.0,102067.0,-12272.0,-0.03905368640768141,-0.028769168447211575,-3.9053686407681405,-0.9464875045355546,-0.23662187613388866,15.231052516945695,3.202422115897923,-0.7731857776347371,-0.19329644440868426,1.2126019390656064,4.543024510630616,0.45680751501685546,0.11420187875421386,11.2608966286995,1.8368860925362356,-0.9317296716922555,-0.23293241792306388,0.03997182351118231,0.0737778285342603,-0.548648859711423,22151.061,2014-04-30
2014-04,11.9,,-2.0,,12.5,2014-05-30,2014-05-12,143539.4,170694.7,314234.1,2014Q1,,15259.0,96409.0,106790.0,-10381.0,-0.0330358799379189,-0.03431132513882219,-3.30358799379189,-1.016729666422843,-0.2541824166057107,15.158492092174491,3.2048755925838517,-0.6969545312399947,-0.17423863280999868,1.1508915258652406,4.520942736765475,0.6548479104599579,0.16371197761498948,11.311143657855162,1.8154693985505712,-0.9858773765610811,-0.24646934414027027,0.038426312252284434,0.07377959888361438,-0.5111784159409902,22133.971,2014-05-30
2014-05,12.5,,-1.4000000000000057,,12.6,2014-06-30,2014-06-12,143539.4,170694.7,314234.1,2014Q1,,14013.0,98112.0,107436.0,-9324.0,-0.029672145702837473,-0.03392057068281259,-2.967214570283747,-0.8143222193103309,-0.20358055482758272,15.100738764610261,3.193746532930035,-0.5570775986679943,-0.13926939966699858,1.1018986211028596,4.491113315425093,0.6889265052240915,0.17223162630602287,11.362309129578712,1.7965499382531323,-0.960707458367535,-0.24017686459188375,0.03692369450608093,0.07374176662401931,-0.4107951927804422,23049.02,2014-06-30
2014-06,12.4,,-1.0999999999999943,,15.0,2014-07-31,2014-07-15,159462.4,143539.4,303001.8,2014Q2,,19673.0,105253.0,101529.0,3724.0,0.012290356030888266,-0.016805889869956025,1.2290356030888265,-0.8299451522808919,-0.20748628807022299,15.042222977863567,3.1836115562601845,-0.484421526275243,-0.12110538156881075,1.0596143023948161,4.458130337436205,1.8402943909729397,0.4600735977432349,11.503800708932832,1.8998043509868943,-0.7170570115225239,-0.17926425288063097,0.03580964466619557,0.07337705885398607,-0.047782324776429796,23190.721,2014-07-31
2014-07,12.2,,-0.9000000000000057,,15.9,2014-08-29,2014-08-13,159462.4,143539.4,303001.8,2014Q2,,2737.0,81986.0,84274.0,-2288.0,-0.007551110257430814,-0.008310966643126664,-0.7551110257430814,-0.8754762823448552,-0.2188690705862138,14.9808012036048,3.176329570181808,-0.43450662462592865,-0.10862665615648216,1.0219877371999255,4.423379594855638,2.0635677303326023,0.5158919325831506,11.671470979074094,2.049135077453629,-0.5928014226059516,-0.1482003556514879,0.03489635111599335,0.07288666341113167,0.040195850188966736,24756.85,2014-08-29
2014-08,11.9,,-1.2000000000000028,,15.2,2014-09-30,2014-09-12,159462.4,143539.4,303001.8,2014Q2,,9577.0,82193.0,89410.0,-7217.0,-0.023818340353093614,-0.006359698193212045,-2.381834035309361,-0.9497271360916022,-0.23743178402290055,14.914392357268184,3.1739562267045116,-0.4962709318736159,-0.12406773296840397,0.9793289304963837,4.3914095920721605,1.6010510355523515,0.4002627588880879,11.803530101363016,2.1214001447900284,-0.5582941360265963,-0.13957353400664907,0.034043743562748315,0.07236945392891536,-0.1008102921098657,24742.061,2014-09-30
2014-09,11.6,,-1.7999999999999972,,12.2,2014-10-31,2014-10-16,168601.7,159462.4,328064.1,2014Q3,,11355.0,72614.0,78027.0,-5413.0,-0.016499824272146815,-0.015956424960890406,-1.6499824272146815,-1.0209285050510006,-0.25523212626275016,14.84312544347113,3.176643053285225,-0.6243786196622537,-0.15609465491556343,0.9259768749505781,4.365903618585055,0.18336747325174335,0.04584186831293584,11.818100962551991,2.0826978235322176,-0.6803678860291131,-0.17009197150727828,0.03301207479905406,0.07197356131216501,-0.535576884372656,22932.98,2014-10-31
2014-10,11.5,,-2.200000000000003,,12.1,2014-11-28,2014-11-14,168601.7,159462.4,328064.1,2014Q3,,6807.0,64162.0,69043.0,-4881.0,-0.014878189963485795,-0.018398784862908732,-1.4878189963485795,-1.0287786238786074,-0.25719465596965185,14.771415127642552,3.179901926139329,-0.7055970371856178,-0.17639925929640446,0.865978124645993,4.345225338353348,0.13288520306260287,0.03322130076565072,11.828281171204999,2.04476361952047,-0.7031899428393404,-0.1757974857098351,0.031952954635284886,0.07160474920173539,-0.5761701002102406,23998.061,2014-11-28
2014-11,11.7,,-2.700000000000003,,11.2,2014-12-31,2014-12-12,168601.7,159462.4,328064.1,2014Q3,,11459.0,61608.0,69482.0,-7874.0,-0.024001407042099396,-0.018459807092577326,-2.4001407042099396,-0.9459948008269916,-0.2364987002067479,14.70568945870627,3.1772790464373464,-0.8075010705980112,-0.2018752676495028,0.7975426309156738,4.331316401011705,-0.3013351893780428,-0.0753337973445107,11.805972289752885,2.0109576017444746,-0.6932101026196438,-0.17330252565491094,0.030915984179392904,0.0712277433427166,-0.6870102908556723,23987.449,2014-12-31
2014-12,11.9,,-3.299999999999997,,9.5,2015-01-30,2015-01-15,184179.4,168601.7,352781.1,2014Q4,,16945.0,58880.0,71639.0,-12759.0,-0.03616690349908201,-0.02501550016822239,-3.6166903499082013,-0.8663117911238045,-0.21657794778095113,14.645789613759744,3.1695166127172603,-0.928887622975062,-0.2322219057437655,0.7189153009748949,4.3265893543753124,-1.10115886409565,-0.2752897160239125,11.725416457156133,2.020976745243569,-0.7722256309010156,-0.1930564077252539,0.02976721858656504,0.07094133704273475,-0.917145977273883,23605.039,2015-01-30
2015-01,,,-4.299999999999997,,10.3,2015-02-27,2015-02-13,184179.4,168601.7,352781.1,2014Q4,,20516.0,76659.0,89452.0,-12793.0,-0.03626328054422417,-0.03214386369513519,-3.626328054422417,,,14.645789613759748,3.1695166127172607,-1.1341458021947264,-0.2835364505486816,0.6226193022199026,4.340376072189274,-0.6872663928688548,-0.1718165982172137,11.676399172048184,2.0027156664865897,-0.8569843774214545,-0.21424609435536363,0.028497504293494975,0.07076134593152271,,24507.051,2015-02-27
2015-02,,,-4.799999999999997,,8.3,2015-03-31,2015-03-12,184179.4,168601.7,352781.1,2014Q4,,13609.0,80691.0,82981.0,-2290.0,-0.006491277452221789,-0.026307153831842647,-0.6491277452221789,,,14.64578961375974,3.1695166127172603,-1.2190092349792854,-0.30475230874482134,0.5185897305591858,4.363043017184002,-1.5813238545795043,-0.3953309636448761,11.562043126830368,2.062855826390976,-0.7618227602907164,-0.1904556900726791,0.027375148151653914,0.07046560536339326,,24823.289,2015-03-31
2015-03,10.2,,-4.599999999999994,,11.9,2015-04-30,2015-04-14,154171.4,184179.4,338350.8,2015Q1,,12433.0,81769.0,89795.0,-8026.0,-0.023720942879402088,-0.022158500291949337,-2.3720942879402087,-1.3575206733447605,-0.3393801683361901,14.547454864985315,3.202496249485272,-1.1466794215078868,-0.2866698553769717,0.42040401551480494,4.378210615232768,0.1610397216024513,0.04025993040061283,11.573322538789403,2.0285520737364733,-0.6922056636969052,-0.1730514159242263,0.026362165722258395,0.07009573680034695,-0.7588415092367753,24900.889,2015-04-30
2015-04,10.0,,-4.599999999999994,,10.3,2015-05-29,2015-05-13,154171.4,184179.4,338350.8,2015Q1,,10582.0,85544.0,96409.0,-10865.0,-0.032111642709282795,-0.020774621013635548,-3.2111642709282795,-1.373684778189653,-0.34342119454741327,14.447177138619685,3.2374073071411003,-1.1214404660670236,-0.2803601165167559,0.3241125271592292,4.390881795471906,-0.6133762623596946,-0.15334406558992364,11.531424386625163,2.007616633039891,-0.6624845934319207,-0.16562114835798017,0.025399528948172257,0.06969845098224586,-0.942746525012073,28133.0,2015-05-29
2015-05,10.1,,-4.599999999999994,,9.1,2015-06-30,2015-06-11,154171.4,184179.4,338350.8,2015Q1,,12397.0,86482.0,98112.0,-11630.0,-0.03437260972931053,-0.03006839843933179,-3.437260972931053,-1.3021085057081228,-0.3255271264270307,14.35160077496786,3.265166271727656,-1.0973530563522003,-0.27433826408805007,0.22967831088651486,4.401207326055328,-1.1635343677021328,-0.2908835919255332,11.45251111102723,2.0218664582063104,-0.7825874101184197,-0.19564685252960493,0.024268281742224042,0.06943209088085599,-1.086395834970219,27424.189,2015-06-30
2015-06,10.6,,-4.799999999999997,,7.9,2015-07-31,2015-07-14,171887.0,154171.4,326058.4,2015Q2,,18384.0,87921.0,105253.0,-17332.0,-0.053156121725433235,-0.039880124721342176,-5.315612172543323,-1.120040832781503,-0.28001020819537575,14.26935847408434,3.276093483995469,-1.1177409514167957,-0.27943523785419894,0.13322997965491168,4.413571832902587,-1.6476865000924104,-0.4119216250231026,11.338735286361834,2.0870082301268913,-0.9065238334707711,-0.2266309583676928,0.022961730275519572,0.06932179020187663,-1.19799802944037,26250.029,2015-07-31
2015-07,10.5,,-5.400000000000006,,5.1,2015-08-31,2015-08-11,171887.0,154171.4,326058.4,2015Q2,,7511.0,74916.0,81986.0,-7070.0,-0.021683232206255076,-0.036403987886999604,-2.1683232206255076,-1.1216268704203376,-0.2804067176050844,14.18696188619398,3.287155455550263,-1.2231375076735798,-0.30578437691839494,0.02713685843717624,4.437061920175805,-2.5914625747746625,-0.6478656436936656,11.141483878182573,2.3313027697140885,-0.8413146685380799,-0.21032866713451998,0.021754157965299684,0.069127697432589,-1.444385405351665,24636.279,2015-08-31
2015-08,10.8,,-5.900000000000006,,6.0,2015-09-30,2015-09-11,171887.0,154171.4,326058.4,2015Q2,,11097.0,72404.0,82193.0,-9789.0,-0.03002222914668047,-0.03495386102612292,-3.0022229146680472,-1.0073508121115762,-0.25183770302789404,14.113130292087243,3.2889538105820018,-1.3006824384975293,-0.3251706096243823,-0.08649715318182485,4.4695789492888,-2.019920730036618,-0.5049801825091546,10.980938904676776,2.4659081074862175,-0.806418283450994,-0.2016045708627485,0.020602111180034438,0.06889225275053364,-1.2835930660241794,21670.58,2015-09-30
2015-09,10.9,,-5.900000000000006,,4.9,2015-10-30,2015-10-15,180118.7,171887.0,352005.7,2015Q3,,13571.0,73542.0,72614.0,928.0,0.0026363209459392277,-0.016356380135665427,0.2636320945939228,-0.9562883766172185,-0.23907209415430464,14.043278627518648,3.2869568473034296,-1.2675673988221634,-0.31689184970554085,-0.1979412365728711,4.498426488978453,-2.22418135114625,-0.5560453377865625,10.793339423259297,2.6496667730003742,-0.5294439404294835,-0.13236098510737088,0.019852218183479552,0.06838986255990137,-1.2443702667537788,20846.301,2015-10-30
2015-10,11.0,,-5.900000000000006,,3.8,2015-11-30,2015-11-12,180118.7,171887.0,352005.7,2015Q3,,5593.0,68553.0,64162.0,4391.0,0.01247422982071029,-0.004970559460010306,1.247422982071029,-0.907287029486708,-0.226821757371677,13.977295587406745,3.2815365927705717,-1.2362843541712802,-0.30907108854282006,-0.3072380267165998,4.5238475714856135,-2.356085396345143,-0.5890213490862858,10.580104028186787,2.8776987619822116,-0.3587839778239654,-0.08969599445599136,0.019349174355811103,0.06778377887251615,-1.2146101894567742,22640.039,2015-11-30
2015-11,11.2,,-5.900000000000006,,3.9,2015-12-31,2015-12-11,180118.7,171887.0,352005.7,2015Q3,,10255.0,66411.0,61608.0,4803.0,0.01364466541308848,0.009585072059912677,1.3644665413088481,-0.830659197622822,-0.2076647994057055,13.917236329439625,3.2711806926544655,-1.2066636968834503,-0.3016659242208626,-0.41442931217933415,4.546064244734226,-2.117512522709749,-0.5293781306774372,10.378719631504056,3.0595897601650717,-0.14255396768409573,-0.03563849192102393,0.019151537070759422,0.06710767273799313,-1.0743473462250293,21996.42,2015-12-31
2015-12,11.1,,-5.900000000000006,,5.5,2016-01-29,2016-01-15,196334.4,180118.7,376453.1,2015Q4,,18114.0,66141.0,58880.0,7261.0,0.019287927234494816,0.015135607489431206,1.9287927234494815,-0.8450828730023484,-0.2112707182505871,13.856468621553566,3.2617731462958024,-1.1785572533452155,-0.2946393133363039,-0.5195560525362731,4.565280076289792,-1.5133875089951079,-0.37834687724877697,10.233252716153034,3.1275880685019812,-0.059233595843655736,-0.014808398960913934,0.01907034488085449,0.06642746123009037,-0.8990653077965819,21914.4,2016-01-29
2016-01,,,-5.299999999999997,,5.8,2016-02-29,2016-02-16,196334.4,180118.7,376453.1,2015Q4,,34758.0,93388.0,76659.0,16729.0,0.044438470555827544,0.02579035440113696,4.443847055582754,,,13.856468621553564,3.2617731462958024,-1.0262203459227273,-0.2565550864806818,-0.6111609416097049,4.569037319343262,-1.3562019370886222,-0.33905048427215556,10.102473562223878,3.172443162454154,0.10012717795565029,0.025031794488912573,0.01920605115751538,0.06575940097440865,,19683.109,2016-02-29
2016-02,,,-4.900000000000006,,4.9,2016-03-31,2016-03-11,196334.4,180118.7,376453.1,2015Q4,,8312.0,90603.0,80691.0,9912.0,0.026329973109532105,0.030018790299951498,2.6329973109532103,,,13.856468621553562,3.261773146295803,-0.9218145879222422,-0.23045364698056056,-0.6933378876026789,4.563457952948094,-1.5549358532427162,-0.38873396331067905,9.950586836023868,3.2480998013462754,0.16271898109677665,0.040679745274194164,0.01942416222653503,0.06510997058859005,,19111.93,2016-03-31
2016-03,10.5,,-4.299999999999997,,3.5,2016-04-29,2016-04-15,165735.3,196334.4,362069.69999999995,2016Q1,,23931.0,100963.0,81769.0,19194.0,0.053011892461589584,0.04126011204231642,5.301189246158958,-1.0055083282638169,-0.2513770820659542,13.781478345743864,3.263501905956265,-0.7780413706622211,-0.19451034266555528,-0.7624376096168478,4.5467535837743345,-1.852576596709416,-0.463144149177354,9.764149037659731,3.381317160535353,0.33159848201698355,0.08289962050424589,0.019864145170914668,0.06452371778440745,-0.8261319534046175,20776.699,2016-04-29
2016-04,10.1,,-3.4000000000000057,,3.0,2016-05-31,2016-05-13,165735.3,196334.4,362069.69999999995,2016Q1,,7809.0,103179.0,85544.0,17635.0,0.04870609167240452,0.04268265241450875,4.870609167240452,-1.0997920359814926,-0.27494800899537314,13.699494955615942,3.2728869075721465,-0.5726541007506426,-0.14316352518766065,-0.812965938336302,4.517620773644308,-1.8659198562360269,-0.4664799640590067,9.570552072247517,3.5213474203022708,0.34962747464390936,0.08740686866097734,0.020323430305003394,0.06395155910523881,-0.7971846295810632,21067.051,2016-05-31
2016-05,10.0,,-2.799999999999997,,2.1,2016-06-30,2016-06-15,165735.3,196334.4,362069.69999999995,2016Q1,,6770.0,99694.0,86482.0,13212.0,0.03649021169128486,0.04606939860842633,3.6490211691284857,-1.1020335520255535,-0.2755083880063884,13.617373078245043,3.2824527634356135,-0.43479535413030673,-0.10869883853257668,-0.8510286385240865,4.4825027290696635,-1.9674320768798244,-0.4918580192199561,9.35875997179625,3.689458994339469,0.3978672073246205,0.09946680183115512,0.020841091034490354,0.06340886383569722,-0.776598443927766,20815.09,2016-06-30
2016-06,10.6,,-2.5999999999999943,,3.1,2016-07-29,2016-07-15,185002.2,165735.3,350737.5,2016Q2,,16479.0,98059.0,87921.0,10138.0,0.028904807726576144,0.03803370369675519,2.8904807726576145,-0.9005377014744159,-0.22513442536860398,13.550601907241152,3.2764890380605327,-0.38585530096722376,-0.09646382524180594,-0.8845282520445487,4.445893949507163,-1.607693059132997,-0.40192326478324925,9.182954033958223,3.7836538507161706,0.26820490489167087,0.06705122622291772,0.02118641596044844,0.06281498745562257,-0.6564702891707415,20794.369,2016-07-29
2016-07,10.2,,-1.7000000000000028,,5.2,2016-08-31,2016-08-12,185002.2,165735.3,350737.5,2016Q2,,4791.0,68092.0,74916.0,-6824.0,-0.01945614597811754,0.015312957813247832,-1.9456145978117538,-0.9996797962853868,-0.2499199490713467,13.476682864191167,3.2777324062831674,-0.18159744090328978,-0.045399360225822444,-0.9001464004915358,4.404542242059629,-1.0221103091212318,-0.25552757728030795,9.072074624088064,3.7883138341664053,-0.0925539993729782,-0.02313849984324455,0.021068563401104808,0.062186460086535875,-0.5739853864207217,21891.369,2016-08-31
2016-08,10.6,,-0.7999999999999972,,5.4,2016-09-30,2016-09-14,185002.2,165735.3,350737.5,2016Q2,,14605.0,74385.0,72404.0,1981.0,0.005648098649274742,0.005032253465911127,0.5648098649274742,-0.8605955855547903,-0.21514889638869758,13.413408435277018,3.2691411419027103,0.02251821100964826,0.005629552752412065,-0.8982285259330492,4.3621816089637235,-0.943584718566927,-0.23589617964173176,8.970738202173038,3.7842263995077308,-0.2551077490874901,-0.06377693727187253,0.020747110377434808,0.06160086068625934,-0.5091924605498898,22976.881,2016-09-30
2016-09,10.7,,0.0999999999999943,,8.3,2016-10-31,2016-10-18,194837.5,185002.2,379839.7,2016Q3,,17115.0,67569.0,73542.0,-5973.0,-0.015725054542745268,-0.009844367290529343,-1.5725054542745267,-0.8146533821134638,-0.20366334552836596,13.353899435042425,3.2577038201908484,0.22652090476618142,0.056630226191545355,-0.8791132865090334,4.322397032272516,-0.17474844677029325,-0.04368711169257331,8.952384665828236,3.733278766625,-0.4903927997174473,-0.12259819992936183,0.020134491860063317,0.06113233956099226,-0.3133184309587558,23297.15,2016-10-31
2016-10,10.0,,1.2000000000000028,,8.9,2016-11-30,2016-11-11,194837.5,185002.2,379839.7,2016Q3,,8865.0,68625.0,68553.0,72.0,0.00018955364591958132,-0.0032958007491836363,0.01895536459195813,-1.0064813089618674,-0.25162032724046685,13.280553416933804,3.259428056659614,0.4753203262826086,0.11883008157065215,-0.8393031649867186,4.290376515003535,-0.013841667396723538,-0.0034604168491808845,8.950963044206565,3.6818573041733695,-0.3788597245270036,-0.0947149311317509,0.019665729812447238,0.060606945196662806,-0.23096559365074648,22934.539,2016-11-30
2016-11,10.8,,3.299999999999997,,9.2,2016-12-30,2016-12-14,194837.5,185002.2,379839.7,2016Q3,,18328.0,80183.0,66411.0,13772.0,0.03625740016117325,0.006907299754782534,3.625740016117325,-0.7479339012546253,-0.18698347531365633,13.226457907968582,3.2442143669357786,0.9470245327023992,0.2367561331755998,-0.7600514210151668,4.287166045666768,0.06672555000613074,0.016681387501532686,8.957667348546387,3.6317820000186827,-0.2083053342478993,-0.05207633356197482,0.019410715044761957,0.06002446041587875,0.014377711801501318,22789.77,2016-12-30
2016-12,10.9,,5.5,,7.7,2017-01-27,2017-01-12,215617.9,194837.5,410455.4,2016Q4,,16397.0,80101.0,66141.0,13960.0,0.034011003387944216,0.023485985731679027,3.4011003387944214,-0.7052921783450512,-0.1763230445862628,13.175861418483374,3.226834903831799,1.4172267080236347,0.3543066770059087,-0.6402046377311199,4.3325493394728785,-0.3411197169407384,-0.0852799292351846,8.924073529949542,3.5883986446969174,0.06720968018028001,0.016802420045070002,0.01949209661059906,0.05942431373526775,0.10950612322953128,22000.561,2017-01-27
2017-01,,,6.900000000000006,,7.9,2017-02-28,2017-02-14,215617.9,194837.5,410455.4,2016Q4,,37720.0,113030.0,93388.0,19642.0,0.04785416393595991,0.039374189161692476,4.785416393595991,,,13.175861418483372,3.226834903831799,1.67527829984456,0.41881957496114,-0.4958605045216004,4.414705607544626,-0.2812970166943953,-0.07032425417359882,8.896926722137332,3.544035887235895,0.33085373737938295,0.08271343434484574,0.019888777350059332,0.05889433792095761,,23360.779,2017-02-28
2017-02,,,7.799999999999997,,9.7,2017-03-31,2017-03-09,215617.9,194837.5,410455.4,2016Q4,,11055.0,109480.0,90603.0,18877.0,0.04599038044084692,0.042618515921583694,4.599038044084692,,,13.175861418483372,3.2268349038317985,1.8006344390257332,0.4501586097564333,-0.33706229926150433,4.518997372761686,0.22346634709073157,0.05586658677268289,8.91805792192111,3.4991491482223345,0.38150638053019614,0.09537659513254904,0.020341873836598974,0.058391270033350144,,23740.73,2017-03-31
2017-03,10.9,,7.599999999999994,,10.1,2017-04-28,2017-04-14,185274.4,215617.9,400892.3,2017Q1,,25472.0,117837.0,100963.0,16874.0,0.042091105266925805,0.045311883214577554,4.20911052669258,-0.6933817755035101,-0.17334544387587753,13.124603192069522,3.2083381344340793,1.6898397154806735,0.42245992887016837,-0.18514308954959435,4.60703048829404,0.332866774835341,0.08321669370883525,8.948934624584655,3.4580362548492287,0.4225793181534639,0.10564482953836597,0.020839198293460245,0.057912642360385964,0.4379760082414921,24111.59,2017-04-28
2017-04,10.7,,6.400000000000006,,11.2,2017-05-31,2017-05-12,185274.4,215617.9,400892.3,2017Q1,,19559.0,128531.0,103179.0,25352.0,0.06323892975744358,0.050440138488405444,6.323892975744358,-0.7423885867481236,-0.1855971466870309,13.070182814481278,3.1926444678566033,1.388477402825772,0.347119350706443,-0.05910916147668226,4.651936825425732,0.6389661621976673,0.15974154054941683,9.00732888486871,3.4315919133961534,0.5046998025771091,0.12617495064427728,0.021428257493413122,0.057483440347809174,0.4474386952131062,24615.131,2017-05-31
2017-05,10.7,,5.5,,12.8,2017-06-30,2017-06-14,185274.4,215617.9,400892.3,2017Q1,,17812.0,128015.0,99694.0,28321.0,0.07064490886953928,0.058658314631302895,7.064490886953928,-0.7295003505936368,-0.1823750876484092,13.017162856318144,3.176369763815103,1.167519668140181,0.29187991703504523,0.04728000268600145,4.670345302190922,1.073942768502845,0.2684856921257113,9.10504214136466,3.4405537864800593,0.6385146161052923,0.15962865402632306,0.02216852175035109,0.05714793672778599,0.5376191755386703,25660.65,2017-06-30
2017-06,11.0,,5.5,,12.9,2017-07-31,2017-07-12,205665.6,185274.4,390940.0,2017Q2,,25886.0,137504.0,98059.0,39445.0,0.10089783598506165,0.07826055820401484,10.089783598506164,-0.6250946979070973,-0.15627367447677432,12.972188201732797,3.155023084239801,1.1413611004850293,0.2853402751212573,0.15162602679417528,4.685961323662596,1.0720619073088438,0.26801547682721094,9.202164198016773,3.4492745025012264,0.9624688687524771,0.24061721718811926,0.023282921709179005,0.05712146987787374,0.6376992946598132,25764.58,2017-07-31
2017-07,10.4,,5.5,,12.2,2017-08-31,2017-08-15,205665.6,185274.4,390940.0,2017Q2,,21188.0,120972.0,68092.0,52880.0,0.13526372333350387,0.10226882272936828,13.526372333350386,-0.8001998341579485,-0.20004995853948712,12.915023123687279,3.1429938077078474,1.1164252153072793,0.27910630382681983,0.25396841665592884,4.6989547633069,0.8498177888706901,0.21245444721767254,9.278388819252521,3.4379265991006873,1.343464603523546,0.3358661508808865,0.02485091165251426,0.05762556815699326,0.6273769433858918,27323.99,2017-08-31
2017-08,10.1,,6.299999999999997,,10.8,2017-09-29,2017-09-15,205665.6,185274.4,390940.0,2017Q2,,20486.0,130403.0,74385.0,56018.0,0.14329053051619176,0.1264840299449191,14.329053051619175,-0.8778179968890548,-0.2194544992222637,12.852657933766936,3.1357957384357866,1.2544031941558949,0.3136007985389737,0.36965309168085536,4.727624208825261,0.43590958087424403,0.10897739521856101,9.316833761120659,3.402463042690548,1.6940993289645694,0.42352483224114235,0.026866907499231932,0.05880240948243159,0.6266485267764134,27970.301,2017-09-29
2017-09,10.3,,6.900000000000006,,8.8,2017-10-31,2017-10-14,216755.3,205665.6,422420.9,2017Q3,,25439.0,130370.0,67569.0,62801.0,0.148669253817697,0.1424078358891309,14.866925381769699,-0.7991052147139244,-0.1997763036784811,12.79627919145923,3.1238429502088603,1.3435008625839069,0.3358752156459767,0.4945966432477524,4.767695753044007,-0.14994847022907906,-0.037487117557269765,9.303855879953485,3.360193533043278,1.8742288068960924,0.4685572017240231,0.029157024386741285,0.06042528590196205,0.567168996134249,27554.301,2017-10-31
2017-10,10.0,,6.900000000000006,,12.1,2017-11-30,2017-11-13,216755.3,205665.6,422420.9,2017Q3,,15861.0,126672.0,68625.0,58047.0,0.13741507581656115,0.1431249533834833,13.741507581656116,-0.8774363128867443,-0.21935907822168607,12.7347054890226,3.1166996953037938,1.307978619543774,0.3269946548859435,0.6171419784642233,4.803486790730003,0.8146297088216957,0.20365742720542393,9.373646495510469,3.3467395983299064,1.8042168602581738,0.45105421506454346,0.03141426812351663,0.061916440157854115,0.7623472189342249,28245.539,2017-11-30
2017-11,10.2,,5.799999999999997,,9.1,2017-12-29,2017-12-11,216755.3,205665.6,422420.9,2017Q3,,22956.0,131816.0,80183.0,51633.0,0.12223116801275694,0.13610516588233837,12.223116801275694,-0.798447314967207,-0.19961182874180175,12.679055769616498,3.1048457714687365,1.0567912610687336,0.2641978152671834,0.7162920067131989,4.810512899345555,-0.08074353795799155,-0.020185884489497888,9.366856382303371,3.304987483236234,1.628140591574088,0.407035147893522,0.03348624632635817,0.06302829134477148,0.45143524992940576,29177.35,2017-12-29
2017-12,9.4,,4.900000000000006,,10.0,2018-01-31,2018-01-12,239687.6,216755.3,456442.9,2017Q4,,18103.0,124033.0,80101.0,43932.0,0.09624862167863713,0.11863162183598508,9.624862167863713,-1.0318243049366123,-0.25795607623415306,12.60727087641636,3.1083498043917377,0.8551188095298506,0.21377970238246266,0.7963230791150555,4.798955273994237,0.18912100344568114,0.047280250861420285,9.382477140427781,3.2652262219493893,1.3137500935907336,0.3284375233976834,0.03517017659487053,0.06352916406879046,0.33154140040741326,29919.15,2018-01-31
2018-01,,,4.299999999999997,,11.0,2018-02-28,2018-02-12,239687.6,216755.3,456442.9,2017Q4,,31417.0,134262.0,113030.0,21232.0,0.04651622360650149,0.08833200443263185,4.6516223606501494,,,12.60727087641636,3.108349804391738,0.7193819062485532,0.1798454765621383,0.8633417124888929,4.777237594746658,0.4878093478636588,0.1219523369659147,9.42216194491523,3.2345383744588903,0.8227727036935198,0.20569317592337996,0.03622082139465991,0.06333606207891795,,32887.27,2018-02-28
2018-02,,,3.700000000000003,,9.4,2018-03-29,2018-03-09,239687.6,216755.3,456442.9,2017Q4,,12064.0,125840.0,109480.0,16360.0,0.035842380284587624,0.059535741856575425,3.5842380284587625,,,12.607270876416358,3.1083498043917377,0.5860883778038679,0.14652209445096698,0.9175983997869014,4.747409615319519,-0.006768004985604168,-0.001692001246401042,9.421621171924324,3.1946152478185934,0.36397206834065443,0.09099301708516361,0.03668127829639579,0.06279180615252412,,30844.721,2018-03-29
2018-03,10.1,,3.0999999999999943,,7.8,2018-04-30,2018-04-13,205735.3,239687.6,445422.9,2018Q1,,17091.0,117492.0,117837.0,-345.0,-0.0007745448202146768,0.027194686356958153,-0.07745448202146768,-0.7915419325757589,-0.19788548314393972,12.55043618767949,3.0957755828620703,0.4543603186217893,0.11359007965544733,0.9593387551574721,4.711373676591713,-0.4998615620461349,-0.12496539051153373,9.382261866379633,3.1654001558007323,-0.1495487944086871,-0.037387198602171774,0.03649405053325974,0.06218280938386087,-0.24664799260219789,30093.381,2018-04-30
2018-04,9.4,,3.4000000000000057,,9.8,2018-05-31,2018-05-11,205735.3,239687.6,445422.9,2018Q1,,22243.0,123874.0,128531.0,-4657.0,-0.01045523254417319,0.008204200973399928,-1.045523254417319,-0.9943986371766239,-0.24859965929415598,12.479278289109725,3.096623601428757,0.5117343814929664,0.1279335953732416,1.0060159414990912,4.678177087723817,0.13034764967179302,0.032586912417948255,9.392348562648735,3.1274168608157176,-0.4495146205602186,-0.11237865514005466,0.03593609258690723,0.06169296913845816,-0.2004578066430208,30808.449,2018-05-31
2018-05,8.5,,4.099999999999994,,6.2,2018-06-29,2018-06-12,205735.3,239687.6,445422.9,2018Q1,,11234.0,112152.0,128015.0,-15863.0,-0.03561334632772585,-0.015614374564037895,-3.561334632772585,-1.2472632673580324,-0.3118158168395081,12.389714572940836,3.1185994767408447,0.65226233680006,0.163065584200015,1.0651845552168728,4.652752847376796,-0.9959169864501513,-0.2489792466125378,9.315655479993696,3.1284288975722214,-0.8216340466995011,-0.20540851167487528,0.034920031224425545,0.06150476114209219,-0.6031379909269062,30468.561,2018-06-29
2018-06,9.0,,4.700000000000003,,5.0,2018-07-31,2018-07-13,228042.4,205735.3,433777.69999999995,2018Q2,,20373.0,114422.0,137504.0,-23082.0,-0.05321158740986455,-0.03309338876058785,-5.321158740986455,-1.0605537120088988,-0.2651384280022247,12.31368184967759,3.124482817000206,0.769193992557426,0.1922984981393565,1.134692156526961,4.635121800183411,-1.3325761342651672,-0.3331440335662918,9.212487144727032,3.1611605794290742,-1.081800872382129,-0.27045021809553227,0.03358034209457096,0.06163216591639739,-0.6764341815246923,28955.109,2018-07-31
2018-07,8.8,,4.599999999999994,,3.9,2018-08-31,2018-08-13,228042.4,205735.3,433777.69999999995,2018Q2,,18382.0,101387.0,120972.0,-19585.0,-0.04514985440699234,-0.044658262714860904,-4.514985440699234,-1.0963570240303393,-0.2740892560075848,12.235132454153991,3.1332242863059636,0.7364741310691257,0.18411853276728143,1.2009548094539495,4.615294749880372,-1.6066685175152369,-0.4016671293788092,9.086100118273672,3.227859425722823,-1.237224766479483,-0.3093061916198708,0.03204020962012215,0.061992351279249104,-0.8009440442389835,28583.01,2018-08-31
2018-08,9.0,,4.099999999999994,,4.7,2018-09-28,2018-09-12,228042.4,205735.3,433777.69999999995,2018Q2,,24078.0,113401.0,130403.0,-17002.0,-0.039195191454055846,-0.04585221109030424,-3.9195191454055847,-1.0089073527997094,-0.25222683819992736,12.163046941158006,3.1351213095836576,0.6197486465446378,0.15493716163615945,1.256386673500042,4.588333257933367,-1.3138936569215773,-0.32847341423039433,8.982242629135408,3.25920032156073,-1.224999291874037,-0.3062498229685093,0.030507834457718378,0.06233476709297109,-0.7320129137626715,27888.551,2018-09-28
2018-09,9.2,,3.5999999999999943,,4.7,2018-10-31,2018-10-17,238796.8,228042.4,466839.19999999995,2018Q3,,23061.0,119371.0,130370.0,-10999.0,-0.02356057503311633,-0.03596854029805483,-2.356057503311633,-0.9253209638943425,-0.23133024097358562,12.097235460270793,3.1310600033067164,0.5046011054785714,0.12615027636964285,1.301195996968899,4.555685625878434,-1.2723932203258794,-0.31809830508146986,8.881309545364443,3.286177164865391,-1.044182911966865,-0.26104572799171627,0.029200835005676093,0.06241183853600445,-0.6843239976771289,27788.52,2018-10-31
2018-10,8.6,,3.299999999999997,,1.0,2018-11-30,2018-11-13,238796.8,228042.4,466839.19999999995,2018Q3,,9538.0,106666.0,126672.0,-20006.0,-0.04285415620624832,-0.03520330756447349,-4.285415620624832,-1.0894025911282663,-0.2723506477820666,12.019802458373993,3.1391539603666554,0.43372991640365494,0.10843247910091373,1.3394107441528385,4.520299803397738,-2.2228617885038227,-0.5557154471259557,8.696378163508847,3.4623736857203213,-1.0111076882086347,-0.2527769220521587,0.027935326111296024,0.062445013930841876,-0.9724105378592671,24979.689,2018-11-30
2018-11,8.1,,2.700000000000003,,3.5,2018-12-31,2018-12-11,238796.8,228042.4,466839.19999999995,2018Q3,,16127.0,111559.0,131816.0,-20257.0,-0.04339181456912788,-0.036602181936164165,-4.339181456912788,-1.21387874775355,-0.3034696869383875,11.93327905316133,3.1578764026105093,0.29784407370906435,0.07446101842726609,1.365422315193143,4.480793148533424,-1.4451922075970853,-0.36129805189927133,8.574980984910134,3.511630465644623,-1.0126428581136961,-0.25316071452842404,0.02666793121305285,0.062480185034903254,-0.8434674349388167,26506.75,2018-12-31
2018-12,8.2,,0.9000000000000057,,4.3,2019-01-31,2019-01-15,263435.6,238796.8,502232.39999999997,2018Q4,,19311.0,110497.0,124033.0,-13536.0,-0.026951666200746908,-0.03773254565870769,-2.6951666200746907,-1.1513621026064027,-0.2878405256516007,11.851119621101573,3.171130622448255,-0.10286222231813913,-0.025715555579534782,1.3565248577307385,4.438216941480832,-1.1826991231499706,-0.29567478078749265,8.475536193506358,3.530514322514539,-1.0099917823290097,-0.2524979455822524,0.02540394554651158,0.06251188604686317,-0.8617288076008804,25845.699,2019-01-31
2019-01,,,0.0999999999999943,,2.4,2019-02-28,2019-02-15,263435.6,238796.8,502232.39999999997,2018Q4,,46791.0,138906.0,134262.0,4644.0,0.009246715265681785,-0.02036558850139766,0.9246715265681784,,,11.851119621101569,3.1711306224482545,-0.2801791800779734,-0.07004479501949334,1.3325050585064098,4.398988740574555,-1.6446573418008479,-0.41116433545021197,8.334796807348857,3.6085308814846755,-0.7211400440280863,-0.18028501100702157,0.024506128801429633,0.062223305548512395,,27942.471,2019-02-28
2019-02,,,0.0999999999999943,,3.2,2019-03-29,2019-03-10,263435.6,238796.8,502232.39999999997,2018Q4,,9665.0,124493.0,125840.0,-1347.0,-0.0026820252934697166,-0.006795658742844937,-0.26820252934697164,,,11.851119621101569,3.1711306224482545,-0.2772785599102939,-0.06931963997757347,1.308945510220986,4.360039631669012,-1.3743469340249417,-0.3435867335062354,8.216334690388155,3.649976993579933,-0.4968590272001648,-0.1242147568000412,0.023892447011566408,0.061764210921840264,,28633.18,2019-03-29
2019-03,8.7,,0.4000000000000057,,3.9,2019-04-30,2019-04-12,221453.9,263435.6,484889.5,2019Q1,,29602.0,131034.0,117492.0,13542.0,0.027928012464695565,0.01149756747896922,2.7928012464695566,-0.9713081586452795,-0.24282703966131988,11.779322346071686,3.170283620768237,-0.20638338417954938,-0.051595846044887345,1.2915716452698873,4.319977835493929,-1.1503650075061669,-0.2875912518765417,8.11715165609403,3.6659248400090285,-0.19862663330274108,-0.04965665832568527,0.023649571380740825,0.061180133296876986,-0.6316707959084342,29051.359,2019-04-30
2019-04,7.2,,0.9000000000000057,,2.1,2019-05-31,2019-05-09,221453.9,263435.6,484889.5,2019Q1,,16710.0,138206.0,123874.0,14332.0,0.029557249641413146,0.018267745604213004,2.9557249641413144,-1.3949363940688644,-0.3487340985172161,11.675370077912467,3.2082968778657652,-0.08976455091378738,-0.022441137728446844,1.284087356291154,4.278831146384696,-1.5740983742270658,-0.39352459355676644,7.979424667329813,3.7351062446886805,-0.08709501956446594,-0.021773754891116485,0.02354417071493754,0.060582397674519534,-0.7864735846935459,29699.109,2019-05-31
2019-05,8.6,,0.5999999999999943,,3.7,2019-06-28,2019-06-12,221453.9,263435.6,484889.5,2019Q1,,17124.0,139203.0,112152.0,27051.0,0.05578796818656622,0.03775774343089166,5.578796818656622,-0.9378550270462018,-0.23446375676155046,11.605810600512436,3.204984260711715,-0.15830297558213857,-0.03957574389553464,1.271012649343643,4.238787343548579,-1.1158415619828153,-0.2789603904957038,7.881845299153113,3.7477052671546898,0.23218282661065273,0.05804570665266318,0.023822394033412124,0.06001886358652923,-0.49495418450012574,26901.09,2019-06-28
2019-06,9.8,,0.0,,4.0,2019-07-31,2019-07-12,246193.9,221453.9,467647.8,2019Q2,,26243.0,146135.0,114422.0,31713.0,0.06781385478558864,0.05105302420452268,6.781385478558864,-0.5550453516308734,-0.13876133790771836,11.565110748525079,3.180119864689805,-0.2967165149550115,-0.07417912873875288,1.2467212954026687,4.201725325574473,-1.011585672201736,-0.252896418050434,7.793660640311128,3.750211914384029,0.4483321940615599,0.11208304851538997,0.02435515069166058,0.0595493115740786,-0.35375383618151524,28542.619,2019-07-31
2019-07,7.6,,-0.2999999999999971,,3.8,2019-08-30,2019-08-12,246193.9,221453.9,467647.8,2019Q2,,12872.0,112216.0,101387.0,10829.0,0.02315631550068235,0.04891937949094574,2.315631550068235,-1.2115509242150102,-0.30288773105375255,11.47605288546155,3.199248837165411,-0.36410564671186163,-0.09102641167796541,1.2171618883479227,4.1668177960133095,-1.039406224351938,-0.2598515560879845,7.703265546895019,3.755283983727032,0.40776641541900566,0.10194160385475141,0.024835502618115044,0.05906292416966953,-0.5518240949649511,27777.75,2019-08-30
2019-08,7.5,,-0.7999999999999972,,3.3,2019-09-30,2019-09-11,246193.9,221453.9,467647.8,2019Q2,,21956.0,124507.0,113401.0,11106.0,0.02374864160592651,0.03823960396406584,2.3748641605926513,-1.2078804879430547,-0.3019701219857637,11.387051015195954,3.2180758394527595,-0.4783730822267453,-0.11959327055668632,1.1786134704127056,4.136130446977898,-1.1415040812699664,-0.2853760203174916,7.603953213547387,3.7704229745364346,0.22460419829463932,0.05615104957365983,0.025097491893424514,0.05851231709124731,-0.6507883632862818,25724.73,2019-09-30
2019-09,7.8,,-1.2000000000000028,,2.8,2019-10-31,2019-10-15,256023.2,246193.9,502217.1,2019Q3,,25142.0,120047.0,119371.0,676.0,0.001346031427444426,0.01608366284468444,0.1346031427444426,-1.0870193119438294,-0.27175482798595735,11.307022010356219,3.2262738774023187,-0.5677521104095865,-0.14193802760239663,1.133159463729249,4.109468588405719,-1.2371038365507319,-0.30927595913768297,7.495979887159887,3.7959464261731855,-0.15250293059417833,-0.03812573264854458,0.024921396234064724,0.05795123644474842,-0.7610945473745815,26092.27,2019-10-31
2019-10,7.2,,-1.5999999999999943,,4.1,2019-11-29,2019-11-11,256023.2,246193.9,502217.1,2019Q3,,8680.0,112017.0,106666.0,5351.0,0.010654754686767935,0.011916475906712966,1.0654754686767935,-1.2364272230465214,-0.30910680576163035,11.215688155664429,3.247816030586813,-0.655910233635392,-0.163977558408848,1.0809323415906749,4.087346414358505,-0.8766646834752437,-0.21916617086881093,7.419911165271224,3.786979477843852,-0.2221003277843419,-0.05552508194608548,0.024667448357604725,0.0574108673233156,-0.7477756169853749,26906.721,2019-11-29
2019-11,8.0,,-1.4000000000000057,,4.4,2019-12-31,2019-12-10,256023.2,246193.9,502217.1,2019Q3,,19937.0,114830.0,111559.0,3271.0,0.006513119525400469,0.006171301879870954,0.6513119525400469,-0.9684869791719222,-0.24212174479298054,11.144402068953474,3.246715894561646,-0.5990265990607182,-0.14975664976517955,1.033526790380858,4.062468668664574,-0.7829134162905724,-0.1957283540726431,7.352490738372019,3.77115869639948,-0.31868745196523496,-0.07967186299130874,0.024306438006993274,0.056905711270679865,-0.6672786116221119,26346.49,2019-12-31
2019-12,8.0,,-0.5,,2.8,2020-01-31,2020-01-16,282201.4,256023.2,538224.6000000001,2019Q4,,22013.0,110600.0,110497.0,103.0,0.00019136992251933484,0.005786414711562589,0.019136992251933483,-0.9478426352299113,-0.23696065880747783,11.074911571023277,3.2441161187873955,-0.37334994497141494,-0.09333748624285373,1.0042253395347411,4.028995744595356,-1.1745846091401992,-0.2936461522850498,7.251184800857072,3.789582092443181,-0.3219263441463826,-0.08048158603659565,0.023945123575965715,0.056406408467603406,-0.704425883371977,28189.75,2020-01-31
2020-01,,,0.0999999999999943,,2.3,2020-02-28,2020-02-20,282201.4,256023.2,538224.6000000001,2019Q4,,50535.0,148263.0,138906.0,9357.0,0.017384935582654526,0.008029808343524786,1.7384935582654526,,,11.074911571023277,3.2441161187873955,-0.22216724742218164,-0.05554181185554541,0.9869487417099653,3.99225696857338,-1.2679114834513625,-0.3169778708628406,7.141356358469038,3.818370936502961,-0.27917211177341483,-0.06979302794335371,0.02363476181904461,0.05589725053978641,,26312.631,2020-02-28
2020-02,,,-0.4000000000000057,,2.3,2020-03-31,2020-03-11,282201.4,256023.2,538224.6000000001,2019Q4,,8737.0,135044.0,124493.0,10551.0,0.01960334031554856,0.012393215273574149,1.960334031554856,,,11.074911571023275,3.244116118787395,-0.34367514818542394,-0.08591878704635598,0.9604499504685869,3.9585345569839854,-1.2318749477390865,-0.3079687369347716,7.034297362814518,3.843163927883735,-0.1990627902225895,-0.04976569755564737,0.023415636824890194,0.0553715816953581,,26129.93,2020-03-31
2020-03,-15.8,,-1.5,,2.2,2020-04-29,2020-04-10,209671.1,282201.4,491872.5,2020Q1,,51838.0,161740.0,131034.0,30706.0,0.06242674676872564,0.03313834088897625,6.242674676872563,-5.090366075626891,-1.2725915189067227,10.460061922573383,5.158776703370866,-0.6133086566080287,-0.15332716415200717,0.9134427275904231,3.9351192936656645,-1.2225835294120384,-0.3056458823530096,6.927718839402223,3.866990455593545,0.17381911249561866,0.043454778123904664,0.023605075856830703,0.054845896376244846,-1.6881097872878346,23603.48,2020-04-29
2020-04,-7.5,,-3.0999999999999943,,2.0,2020-05-29,2020-05-11,209671.1,282201.4,491872.5,2020Q1,,31027.0,184087.0,138206.0,45881.0,0.09327823775470269,0.05843610827965897,9.32782377547027,-3.0426492869446844,-0.7606623217361711,10.050726869136033,5.7682385362132305,-1.0001300395219772,-0.2500325098804943,0.8367680720892045,3.9362562032141533,-1.2380826305877042,-0.30952065764692605,6.819403108170231,3.892634456782997,0.6263785543646524,0.1565946385911631,0.024283449340951096,0.054523991443719784,-1.1636208506724282,24643.59,2020-05-29
2020-05,-2.8,,-3.700000000000003,,2.4,2020-06-30,2020-06-10,209671.1,282201.4,491872.5,2020Q1,,31866.0,196016.0,139203.0,56813.0,0.11550350954769782,0.09040283135704207,11.550350954769781,-2.0866779852229125,-0.5216694963057281,9.758926674972198,6.0186223096759095,-1.127147128136062,-0.2817867820340155,0.7500985627664104,3.9481079724928563,-1.1071250033543119,-0.27678125083857796,6.722542578447633,3.904294967010419,1.1838128630576061,0.29595321576440153,0.02557067569585009,0.05476554418722949,-0.7842843134139199,22961.471,2020-06-30
2020-06,-1.8,,-3.0,,3.9,2020-07-31,2020-07-10,253450.0,209671.1,463121.1,2020Q2,,34681.0,208684.0,146135.0,62549.0,0.13505970684557453,0.11461381804932502,13.505970684557452,-1.8232857825419715,-0.4558214456354929,9.497410393057214,6.196181915764569,-0.9326505049155508,-0.2331626262288877,0.678459857976162,3.944092496158824,-0.7109123998413029,-0.17772809996032574,6.660856244416891,3.8835393010913823,1.569735757367206,0.3924339393418015,0.027303496561680792,0.0556210311690185,-0.4742782324829049,24427.189,2020-07-31
2020-07,-1.1,,-2.4000000000000057,,6.7,2020-08-31,2020-08-11,253450.0,209671.1,463121.1,2020Q2,,16928.0,175077.0,112216.0,62861.0,0.1357333967292788,0.12876553770751706,13.573339672927881,-1.6372013481810128,-0.4093003370452532,9.258497313468453,6.326953813577726,-0.7685312072748959,-0.19213280181872397,0.6196535245317284,3.929122846213367,0.009969259334675826,0.0024923148336689566,6.661709350688067,3.8408720273478725,1.7500357650789475,0.4375089412697369,0.0292772241177436,0.0568493030685492,-0.16143188276057135,24595.35,2020-08-31
2020-08,0.5,,-2.0,,9.2,2020-09-30,2020-09-11,253450.0,209671.1,463121.1,2020Q2,,35853.0,202193.0,124507.0,77686.0,0.16774446251747113,0.1461791886974415,16.774446251747115,-1.3398141419299785,-0.3349535354824946,9.061725265620003,6.390233538875019,-0.6575161555246886,-0.16437903888117214,0.569613178697171,3.908060900262833,0.6505426527962027,0.16263566319905068,6.716879030725765,3.8169994828181215,1.9566283779829508,0.4891570944957377,0.03155043191065963,0.05858483812084459,0.1524601833311216,25177.051,2020-09-30
2020-09,3.3,,-2.0999999999999943,,9.2,2020-10-30,2020-10-14,269910.2,253450.0,523360.2,2020Q3,,34693.0,185048.0,120047.0,65001.0,0.12419935638972929,0.1425590718788264,12.419935638972929,-0.883398591834643,-0.22084964795866074,8.932718119809227,6.376190965067301,-0.6735248259028975,-0.16838120647572438,0.5186201396877063,3.887934102766434,0.6405043175619098,0.16012607939047746,6.770706146671596,3.792782947311815,1.8135023941048383,0.45337559852620957,0.03370823126159702,0.06002244109027448,0.22427082348230193,23459.051,2020-10-30
2020-10,4.3,,-2.0999999999999943,,14.4,2020-11-30,2020-11-11,269910.2,253450.0,523360.2,2020Q3,,13929.0,167950.0,112017.0,55933.0,0.10687285735522112,0.13293889208747386,10.687285735522112,-0.7141700275898505,-0.17854250689746262,8.829333144012004,6.342093575807708,-0.6641624879566145,-0.16604062198915362,0.4686027023104438,3.8674311616319836,1.907060493543698,0.4767651233859245,6.935657817181141,3.9140563228535163,1.5948722617183946,0.39871806542959864,0.03563637887122949,0.061009596537471796,0.5309000599289069,24107.42,2020-11-30
2020-11,5.0,,-1.5,,6.6,2020-12-31,2020-12-09,269910.2,253450.0,523360.2,2020Q3,,21355.0,157439.0,114830.0,42609.0,0.08141429172489616,0.10416216848994886,8.141429172489616,-0.594609999285059,-0.14865249982126474,8.74415324624658,6.29682186769216,-0.5028813717898596,-0.1257203429474649,0.4310022000422854,3.8398761782912065,-0.08482284807517874,-0.021205712018794686,6.928419081776773,3.8718233262539634,1.0987242258162782,0.27468105645406954,0.036967420590718586,0.0611570640934117,-0.020897498333454778,26341.49,2020-12-31
2020-12,4.6,,-0.4000000000000057,,5.8,2021-01-29,2021-01-12,301836.2,269910.2,571746.4,2020Q4,,16476.0,139234.0,110600.0,28634.0,0.05008164458927944,0.07945626455646558,5.0081644589279435,-0.6476594295569515,-0.1619148573892379,8.652262148226503,6.256779355468599,-0.21424046644840303,-0.05356011661210076,0.41513045662198356,3.80474552793369,-0.28803366053904,-0.07200841513476,6.904144388547068,3.8333866482157655,0.6847404344553437,0.17118510861383593,0.037792429813725915,0.060846172719272694,-0.11629828052226268,27231.131,2021-01-29
2021-01,,,0.2999999999999971,,15.2,2021-02-26,2021-02-09,301836.2,269910.2,571746.4,2020Q4,,51884.0,174190.0,148263.0,25927.0,0.04534702798303583,0.058947654765737156,4.5347027983035835,,,8.652262148226502,6.256779355468598,-0.029969086225075298,-0.007492271556268824,0.4129315852284528,3.768269221834506,2.039582271325653,0.5098955678314132,7.082171098759151,3.980142902480007,0.3438867864794642,0.08597169661986605,0.038203059922546474,0.060323907922032016,,28283.711,2021-02-26
2021-02,,,1.7000000000000028,,7.6,2021-03-31,2021-03-10,301836.2,269910.2,571746.4,2020Q4,,17243.0,155580.0,135044.0,20536.0,0.035918022395943376,0.043782231656086225,3.5918022395943376,,,8.652262148226502,6.2567793554686,0.3378971897401739,0.08447429743504348,0.4375125328854995,3.7363065022390187,0.12868266524749855,0.03217066631187464,7.093257066922994,3.9379269313576515,0.09157784940123945,0.022894462350309862,0.03831131668914319,0.05974059232350774,,28980.211,2021-03-31
2021-03,34.2,,4.400000000000006,,6.5,2021-04-30,2021-04-12,255055.2,301836.2,556891.4,2021Q1,,33762.0,154649.0,161740.0,-7091.0,-0.012733182807276247,0.022843955857234328,-1.2733182807276247,3.4269703747132327,0.8567425936783082,9.23865867080629,7.283792563068909,1.03915159226505,0.2597878980662625,0.513187548460634,3.740370972311407,-0.1490018384059636,-0.0372504596014909,7.080585924043289,3.8965017496056076,-0.25621802162008683,-0.06405450540502171,0.0380112922821689,0.059196992971182534,1.015225526738058,28378.35,2021-04-30
2021-04,17.7,,6.799999999999997,,5.6,2021-05-31,2021-05-12,255055.2,301836.2,556891.4,2021Q1,,18570.0,159290.0,184087.0,-24797.0,-0.04452753265717517,-0.007114231022836005,-4.452753265717517,1.1307939313191897,0.2826984828297974,9.432120381612394,7.3115705606434025,1.6211016019068516,0.4052754004767129,0.6332488332255393,3.8040497643828735,-0.3753332483113682,-0.09383331207784205,7.049034885915777,3.8606622046808114,-0.7506103027625449,-0.18765257569063623,0.03713626724742704,0.05895269237233166,0.40648799553803205,28724.881,2021-05-31
2021-05,12.4,,9.0,,7.1,2021-06-30,2021-06-10,255055.2,301836.2,556891.4,2021Q1,,19522.0,157457.0,196016.0,-38559.0,-0.06923971172835493,-0.04216680906426878,-6.9239711728354925,0.40050445694446607,0.10012611423611652,9.499722043913039,7.241562249303793,2.0833290597707834,0.5208322649426959,0.7930269988326236,3.939355121398989,0.013060329335368031,0.0032650823338420077,7.050118516716607,3.819312821485393,-1.3091115905956943,-0.32727789764892357,0.0355990017636896,0.05940350034833322,0.29694556386373083,29151.801,2021-06-30
2021-06,12.1,,8.799999999999997,,7.5,2021-07-30,2021-07-09,287979.2,255055.2,543034.4,2021Q2,,37017.0,177998.0,208684.0,-30686.0,-0.056508390628659984,-0.056758545004730016,-5.650839062865998,0.35445368607590705,0.08861342151897676,9.558731762907682,7.169535363635913,1.9373707167123566,0.48434267917808915,0.9459304420443633,4.053983829839075,0.11652041649298146,0.029130104123245366,7.059663065436575,3.77905390159628,-1.504437245417777,-0.37610931135444425,0.03380924280264998,0.06020044244665694,0.22597689346586702,28827.949,2021-07-30
2021-07,8.5,,9.0,,3.0,2021-08-31,2021-08-11,287979.2,255055.2,543034.4,2021Q2,,10752.0,136866.0,175077.0,-38211.0,-0.0703657079551498,-0.0653712701040549,-7.03657079551498,-0.14595502306691194,-0.036488755766727984,9.534792057425035,7.089800924156222,1.8967902949597677,0.4741975737399419,1.0997291983794824,4.165073399317497,-1.049947109980158,-0.2624867774950395,6.973718906128996,3.7846848363667496,-1.5898020710698537,-0.39745051776746343,0.03188785747075622,0.061176878143931974,-0.22222847728928902,25961.029,2021-08-31
2021-08,2.5,,9.5,,0.4,2021-09-30,2021-09-10,287979.2,255055.2,543034.4,2021Q2,,29893.0,149516.0,202193.0,-52677.0,-0.097004904293356,-0.07462633429238859,-9.7004904293356,-0.970173467694601,-0.24254336692365025,9.37628497507348,7.087686072691128,1.923482532875052,0.480870633218763,1.260134788548637,4.283826377739516,-1.6656484542558883,-0.41641211356397206,6.834843196819813,3.86326609338134,-1.6751971140840067,-0.4187992785210017,0.029825024056791556,0.06235168236085093,-0.5968841257898609,25878.99,2021-09-30
2021-09,4.4,,10.700000000000005,,1.4,2021-10-29,2021-10-13,297961.9,287979.2,585941.1000000001,2021Q3,2021-10-19,29026.0,144780.0,185048.0,-40268.0,-0.06872363109534388,-0.07869808111461656,-6.872363109534388,-0.690321606463278,-0.1725804016158195,9.26454675887015,7.046783286695405,2.086955507711014,0.5217388769277534,1.440387159345489,4.43689997531884,-1.3634389866182113,-0.3408597466545528,6.720262834061377,3.9020908792240308,-1.6746840677148211,-0.4186710169287053,0.027723908209139964,0.06354750210824775,-0.41037228827132416,24575.641,2021-10-29
2021-10,4.9,2021-11-15,13.5,2021-11-10,-4.3,2021-11-30,2021-11-10,297961.9,287979.2,585941.1000000001,2021Q3,2021-10-19,16176.0,142386.0,167950.0,-25564.0,-0.04362895861034496,-0.06978583133301493,-4.362895861034496,-0.6097563767930472,-0.1524390941982618,9.166875143579478,6.997672030952233,2.5185539279999416,0.6296384819999854,1.6706573645249114,4.696878833509482,-2.5836339536627557,-0.6459084884156889,6.488394240814898,4.17566669052342,-1.4857124079749826,-0.37142810199374565,0.025836571514876998,0.06436131402996405,-0.5401372026077109,25377.24,2021-11-30
2021-11,3.9,2021-12-15,12.900000000000006,2021-12-09,2.9,2021-12-31,2021-12-09,297961.9,287979.2,585941.1000000001,2021Q3,2021-10-19,25983.0,148847.0,157439.0,-8592.0,-0.014663589906903609,-0.04233872653753081,-1.466358990690361,-0.7395100036008657,-0.18487750090021643,9.04939952183938,6.963258775088396,2.2472816077065745,0.5618204019266436,1.8850688829000455,4.901446743179224,-0.8437126434430613,-0.21092816086076532,6.413042154734617,4.163789866178173,-1.0376482515636831,-0.2594120628909208,0.0245173902362025,0.06443042396398253,-0.09339732272525891,23475.262,2021-12-31
2021-12,1.7,,10.299999999999995,2022-01-12,4.3,2022-01-31,2022-01-12,332826.7,297961.9,630788.6000000001,2021Q4,2022-01-18,23580.0,135410.0,139234.0,-3824.0,-0.006062252868869221,-0.021451600462039255,-0.6062252868869221,-1.0308256820782027,-0.25770642051955067,8.886002536493839,6.971113216743351,1.6540112013266017,0.41350280033165043,2.0457385682145257,4.990450744931551,-0.5007792592639787,-0.12519481481599468,6.368756162638366,4.131073969954197,-0.7030471439415623,-0.17576178598539058,0.023628146433156715,0.06412051778272074,-0.1451602209892855,23397.67,2022-01-31
2022-01,,,9.099999999999994,2022-02-16,-2.0,2022-02-28,2022-02-10,332826.7,297961.9,630788.6000000001,2021Q4,2022-01-18,61759.0,186417.0,174190.0,12227.0,0.019383673072087857,-0.00044738990122831476,1.9383673072087857,,,8.88600253649384,6.971113216743351,1.3737824487800365,0.34344561219500913,2.1804252724593187,5.036878097900787,-1.9227867362633724,-0.4806966840658431,6.193690995436912,4.261362345030545,-0.371314931840666,-0.0928287329601665,0.023162546782626376,0.06358466805204023,,23802.26,2022-02-28
2022-02,,2022-03-15,8.799999999999997,2022-03-09,3.6,2022-03-31,2022-03-11,332826.7,297961.9,630788.6000000001,2021Q4,2022-01-18,12170.0,168694.0,155580.0,13114.0,0.020789849404380483,0.01137042320253305,2.0789849404380485,,,8.886002536493837,6.97111321674335,1.280471978278023,0.32011799456950574,2.3068096101386457,5.070935170790215,-0.5999341967131993,-0.1499835491782998,6.13953397039174,4.233020861795905,-0.1835927615071861,-0.04589819037679652,0.022934558882897093,0.06298797177747885,,22713.021,2022-03-31
2022-03,-3.5,,8.299999999999997,2022-04-11,4.0,2022-04-29,2022-04-11,277175.8,332826.7,610002.5,2022Q1,2022-04-19,46565.0,186233.0,154649.0,31584.0,0.05177683698017631,0.03065011981888156,5.17768369801763,-1.6950141189755652,-0.4237535297438913,8.600967587471603,7.139154448332974,1.155085755967649,0.28877143899191227,2.421232108317106,5.089464449986291,-0.49881203669144275,-0.12470300917286069,6.094940607503734,4.199859773631788,0.12128556702990834,0.030321391757477084,0.02308369150102422,0.062385232663269015,-0.22936370816736265,21996.85,2022-04-29
2022-04,-11.1,2022-05-16,8.0,2022-05-11,3.7,2022-05-31,2022-05-13,277175.8,332826.7,610002.5,2022Q1,2022-04-19,9327.0,179384.0,159290.0,20094.0,0.0329408486030795,0.035169178329212104,3.29408486030795,-2.514756284801167,-0.6286890712002917,8.149376298834074,7.6545693175814264,1.0732680200001044,0.2683170050000261,2.5277400555572456,5.098689090207143,-0.562369242510701,-0.14059231062767524,6.045112244805641,4.170057797499509,0.19177292155548195,0.04794323038887049,0.023317229127708526,0.06180199532536549,-0.4530211464390703,21089.391,2022-05-31
2022-05,-6.7,2022-06-15,6.400000000000006,2022-06-10,1.9,2022-06-30,2022-06-10,277175.8,332826.7,610002.5,2022Q1,2022-04-19,28415.0,181816.0,157457.0,24359.0,0.03993262322695399,0.04155010293673661,3.993262322695399,-1.8393772017934256,-0.4598443004483564,7.810300838437479,7.888703211222624,0.7480304607542658,0.18700761518856646,2.6016663231851163,5.077779416876813,-0.9736059917879988,-0.2434014979469997,5.959019811153206,4.1690579612179,0.291910125967432,0.072977531491858,0.02366946824794775,0.06125390350721776,-0.4432606517149316,21415.199,2022-06-30
2022-06,3.1,2022-07-15,6.099999999999994,2022-07-09,0.4,2022-07-29,2022-07-11,299111.5,277175.8,576287.3,2022Q2,2022-07-16,51926.0,210162.0,177998.0,32164.0,0.05581243938570223,0.04289530373857858,5.581243938570223,-0.5878554600807938,-0.14696386502019845,7.703147674430739,7.830407280385029,0.6792412803088324,0.1698103200772081,2.6684524476072653,5.052030334246615,-1.2955934251499153,-0.3238983562874788,5.843756959179669,4.201747904478415,0.31052787352476796,0.07763196838119199,0.024040797840982977,0.06071759576227464,-0.22341993284927722,21859.791,2022-07-29
2022-07,2.7,2022-08-15,4.200000000000003,2022-08-10,2.4,2022-08-31,2022-08-12,299111.5,277175.8,576287.3,2022Q2,2022-07-16,7785.0,156188.0,136866.0,19322.0,0.03352841542751332,0.043091159346723196,3.352841542751332,-0.628719225109145,-0.15717980627728625,7.58974979448767,7.777318712719202,0.29998169841297384,0.07499542460324346,2.6976903632537947,5.0080043039093445,-0.8054439551516821,-0.20136098878792053,5.77247143239418,4.18709633466561,0.3104125213342662,0.07760313033356656,0.02440864849061822,0.060186073602317106,-0.20594224012839676,20156.51,2022-08-31
2022-08,5.4,2022-09-16,2.299999999999997,2022-09-09,2.5,2022-09-30,2022-09-09,299111.5,277175.8,576287.3,2022Q2,2022-07-16,24712.0,168730.0,149516.0,19214.0,0.033341008903024584,0.04089395457208006,3.3341008903024583,-0.278106329157607,-0.06952658228940176,7.5402962473341155,7.695963820086875,-0.0786445509757927,-0.019661137743948176,2.690098435337249,4.960272905078019,-0.7685654083355563,-0.19214135208388908,5.704841741530512,4.16990109985704,0.27105140252022975,0.06776285063005744,0.024726893304000658,0.05964573921314716,-0.21356622148718157,19954.391,2022-09-30
2022-09,2.5,2022-10-24,0.9000000000000057,2022-10-14,1.6,2022-10-31,2022-10-11,315399.6,299111.5,614511.1,2022Q3,2022-10-24,35411.0,157576.0,144780.0,12796.0,0.02082305754932661,0.029230827293288186,2.082305754932661,-0.6443773012518584,-0.1610943253129646,7.426864271760445,7.645930826844494,-0.3569781454713802,-0.08924453636784505,2.655926059280028,4.918861508906571,-0.9645024705892702,-0.24112561764731755,5.6201452869047,4.168102632695758,0.07477518557766126,0.018693796394415315,0.024813820236971696,0.0590704927335687,-0.4727706829337119,17222.83,2022-10-31
2022-10,-0.5,2022-11-15,-1.2999999999999972,2022-11-09,1.2,2022-11-30,2022-11-10,315399.6,299111.5,614511.1,2022Q3,2022-10-24,9134.0,157383.0,142386.0,14997.0,0.024404766651082464,0.026189611034477898,2.4404766651082466,-1.0127783222498197,-0.2531945805624549,7.249080726535586,7.651309823971665,-0.7916039006035308,-0.1979009751508827,2.580410255031658,4.901959492712418,-1.0374231197214383,-0.2593557799303596,5.5290854401927065,4.172921692120301,0.023064790662964053,0.005766197665741013,0.024840367192896767,0.05849798774665055,-0.7046851379779562,14687.021,2022-11-30
2022-11,-5.9,2022-12-15,-1.2999999999999972,2022-12-09,1.3,2022-12-30,2022-12-12,315399.6,299111.5,614511.1,2022Q3,2022-10-24,19837.0,148805.0,148847.0,-42.0,-6.834701602623614e-05,0.015053159061460958,-0.006834701602623614,-1.6451849495883006,-0.41129623739707516,6.955160424422537,7.813808670957924,-0.7793198994171905,-0.19482997485429762,2.5063374286421625,4.8841784118289615,-0.9924516412048452,-0.2481129103012113,5.442094834905177,4.173598655020245,-0.16564199499316906,-0.041410498748292265,0.024651558028256956,0.057946651555312575,-0.8956496213008763,18597.23,2022-12-30
2022-12,-1.8,,-0.7000000000000028,2023-01-12,1.6,2023-01-31,2023-01-10,342342.4,315399.6,657742.0,2022Q4,2023-01-18,13063.0,109942.0,135410.0,-25468.0,-0.038720349316297274,-0.0047946432270803375,-3.8720349316297273,-1.0925748007115152,-0.2731437001778788,6.76009744799986,7.83479304339189,-0.647494976952732,-0.161873744238183,2.445133085107347,4.857386075655919,-0.9031687964103422,-0.22579219910258555,5.363182815991291,4.166643966164593,-0.501976393462891,-0.12549409836572276,0.02408362472925422,0.057529135498020995,-0.7863037418843701,19781.41,2023-01-31
2023-01,,,-0.7999999999999972,2023-02-10,0.5,2023-02-28,2023-02-10,342342.4,315399.6,657742.0,2022Q4,2023-01-18,59956.0,162113.0,186417.0,-24304.0,-0.0369506584648692,-0.02524645159906423,-3.69506584648692,,,6.760097447999861,7.834793043391891,-0.6588474772565536,-0.1647118693141384,2.383189343312204,4.831451061430831,-1.1391771826763366,-0.28479429566908415,5.2634453779801,4.181478922171751,-0.8431588511717598,-0.21078971279293995,0.02313239479310118,0.05737809230719937,,21842.33,2023-02-28
2023-02,,2023-03-15,-1.4000000000000057,2023-03-09,0.0,2023-03-31,2023-03-10,342342.4,315399.6,657742.0,2022Q4,2023-01-18,31610.0,169011.0,168694.0,317.0,0.00048195188995077095,-0.025063018630405224,0.0481951889950771,,,6.760097447999864,7.834793043391891,-0.7709825081862052,-0.1927456270465513,2.3109763977408826,4.813308159832629,-1.225865830818538,-0.3064664577046345,5.155654171004397,4.205724673443138,-0.8261722599208196,-0.2065430649802049,0.022203242472079138,0.057211145175722025,,19785.939,2023-03-31
2023-03,10.6,2023-04-18,-2.5,2023-04-11,1.4,2023-04-28,2023-04-11,292368.8,342342.4,634711.2,2023Q1,2023-04-19,53867.0,187467.0,186233.0,1234.0,0.0019441913109458288,-0.011508171754657523,0.1944191310945829,0.48307020990179295,0.12076755247544824,6.848646628722972,7.765648335134698,-0.9805356788065743,-0.24513391970164358,2.2191468555211085,4.812825231678318,-0.8766229595798091,-0.21915573989495227,5.078849578456666,4.196615589694394,-0.5815782322298397,-0.14539455805745993,0.021553460817769304,0.05684812591018859,-0.48891666517860755,20400.111,2023-04-28
2023-04,18.4,2023-05-16,-3.5999999999999943,2023-05-11,1.7,2023-05-31,2023-05-11,292368.8,342342.4,634711.2,2023Q1,2023-04-19,12249.0,190582.0,179384.0,11198.0,0.017642669610997884,0.006689604270631506,1.7642669610997883,1.4339095884971815,0.3584773971242954,7.113965214120563,7.870813387689135,-1.1809755864660436,-0.2952438966165109,2.1080758075326975,4.833356314006086,-0.7916038743143154,-0.19790096857857886,5.00984604462327,4.181189799620735,-0.2587629150531557,-0.06469072876328892,0.02126702125981222,0.05633503157199396,-0.1993581968340833,19894.57,2023-05-31
2023-05,12.7,2023-06-15,-4.599999999999994,2023-06-09,1.5,2023-06-30,2023-06-13,292368.8,342342.4,634711.2,2023Q1,2023-04-19,15560.0,186305.0,181816.0,4489.0,0.007072507937468254,0.008886456286470668,0.7072507937468253,0.6974925987111189,0.17437314967777973,7.2417704206164,7.825501789509653,-1.349737783006338,-0.3374344457515845,1.9800398307684965,4.875050482851893,-0.824873292742626,-0.2062183231856565,4.9382640743154536,4.168232993558986,-0.2175375316761319,-0.05438438291903298,0.02102848484694547,0.055815787128410344,-0.42366400217849426,18234.27,2023-06-30
2023-06,3.1,2023-07-17,-5.400000000000006,2023-07-10,1.5,2023-07-31,2023-07-11,316237.5,292368.8,608606.3,2023Q2,2023-07-18,42265.0,215507.0,210162.0,5345.0,0.008782360616378765,0.011165846054948312,0.8782360616378765,-0.5215164167369127,-0.13037910418422818,7.147368760844221,7.76076961520845,-1.4672702179096977,-0.3668175544774244,1.8391805680624431,4.933774624264867,-0.8107803549146552,-0.2026950887286638,4.868234759218349,4.154312248442302,-0.174936844756431,-0.04373421118910775,0.020838498776495774,0.05529225552807324,-0.7436259585794243,18916.43,2023-07-31
2023-07,2.5,2023-08-15,-4.400000000000006,2023-08-09,2.3,2023-08-31,2023-08-11,316237.5,292368.8,608606.3,2023Q2,2023-07-18,5366.0,160917.0,156188.0,4729.0,0.007770212040197414,0.007875026864681488,0.7770212040197414,-0.5895659221463543,-0.14739148053658857,7.0418360710639165,7.70369504147909,-1.2335945567612836,-0.3083986391903209,1.720098313587738,4.961191081821595,-0.6095070525147588,-0.1523767631286897,4.815993680067481,4.127915615884622,-0.232061376727855,-0.05801534418196375,0.020588828970473726,0.05478637714324205,-0.6661822270375629,20078.941,2023-08-31
2023-08,4.6,2023-09-15,-3.0,2023-09-09,2.8,2023-09-29,2023-09-11,316237.5,292368.8,608606.3,2023Q2,2023-07-18,31279.0,160586.0,168730.0,-8144.0,-0.013381392864319675,0.0010570599307521793,-1.3381392864319674,-0.3130031797369194,-0.07825079493422984,6.986587732633533,7.6248034752856855,-0.9341687840033025,-0.23354219600082562,1.6300110357792663,4.956289607470868,-0.48222088203245345,-0.12055522050811336,4.775037937307571,4.09571217443597,-0.3526238023183319,-0.08815595057958298,0.020212728436523504,0.05432324301375011,-0.5205041620227517,18382.061,2023-09-29
2023-09,5.5,2023-10-18,-2.5,2023-10-13,2.8,2023-10-31,2023-10-13,328440.7,316237.5,644678.2,2023Q3,2023-10-19,41326.0,148045.0,157576.0,-9531.0,-0.014784120201365582,-0.0067984336751626025,-1.4784120201365583,-0.19267351705849628,-0.04816837926462407,6.953071767836956,7.54162684120101,-0.8198297813219803,-0.20495744533049506,1.5511873583499682,4.941498162969153,-0.47617544502989434,-0.11904386125747358,4.734964139260301,4.063552960272498,-0.4912422269757824,-0.1228105567439456,0.019692702623968102,0.053926830480793914,-0.4949802425965383,17809.66,2023-10-31
2023-10,7.6,2023-11-15,-2.5999999999999943,2023-11-09,3.3,2023-11-30,2023-11-13,328440.7,316237.5,644678.2,2023Q3,2023-10-19,18441.0,154237.0,157383.0,-3146.0,-0.004879954060801188,-0.011015155708828802,-0.48799540608011877,0.0848048687273208,0.0212012171818302,6.96760661415786,7.457041032343555,-0.8264110564835976,-0.2066027641208994,1.471960760119115,4.9272825286793935,-0.3490926868850628,-0.0872731717212657,4.705883999094368,4.027251363066363,-0.5621605688136367,-0.14054014220340919,0.0191016148499799,0.05357325331864887,-0.41321486086374404,17112.48,2023-11-30
2023-11,10.1,2023-12-15,-3.0,2023-12-09,4.0,2023-12-29,2023-12-13,328440.7,316237.5,644678.2,2023Q3,2023-10-19,24554.0,163231.0,148805.0,14426.0,0.022377055715549248,0.000904327151127504,2.2377055715549248,0.4145023070240133,0.10362557675600333,7.037745295220297,7.387786878113316,-0.8918388625577789,-0.22295971563944472,1.3866134218614412,4.9186165864993905,-0.17344152272781121,-0.043360380681952804,4.69159604993994,3.98748834225406,-0.3360107753543588,-0.0840026938385897,0.018751402505856767,0.05311459233980708,-0.24669721340398393,17042.881,2023-12-29
2023-12,7.4,2024-01-17,-2.700000000000003,2024-01-12,4.0,2024-01-31,2024-01-12,357224.8,328440.7,685665.5,2023Q4,2024-01-18,19326.0,140292.0,109942.0,30350.0,0.0442635658349443,0.020586889163230798,4.42635658349443,0.048482831369186255,0.012120707842296564,7.045829833405235,7.305063598654879,-0.8174606184925168,-0.2043651546231292,1.3086216108655373,4.903748902617302,-0.17162861209679137,-0.04290715302419784,4.677613683793557,3.9481393895524315,0.034222681280367574,0.008555670320091894,0.018786720811056545,0.05260161637910441,-0.2265959294849386,17047.391,2024-01-31
2024-01,,,-2.5,2024-02-08,2.1,2024-02-29,2024-02-09,357224.8,328440.7,685665.5,2023Q4,2024-01-18,64734.0,199660.0,162113.0,37547.0,0.054759937608061075,0.040466853052851554,5.475993760806108,,,7.045829833405237,7.305063598654879,-0.7647964449625719,-0.19119911124064298,1.2359362667328466,4.884876611731214,-0.6434564213229185,-0.16086410533072962,4.62556043079711,3.9249906397773877,0.40750199414400606,0.10187549853600152,0.01920381664350288,0.05217897510909992,,15485.07,2024-02-29
2024-02,,2024-03-18,-2.700000000000003,2024-03-09,4.0,2024-03-28,2024-03-15,357224.8,328440.7,685665.5,2023Q4,2024-01-18,14959.0,183340.0,169011.0,14329.0,0.02089794513505492,0.03997381619268677,2.089794513505492,,,7.045829833405238,7.30506359865488,-0.7930684329212075,-0.1982671082303019,1.1608222858313861,4.86820824731397,-0.15772415891095365,-0.03943103972773841,4.612941828563189,3.886163240909958,0.39360147806636403,0.09840036951659101,0.019603335376647803,0.05175407601646343,,16511.439,2024-03-28
2024-03,3.1,2024-04-16,-2.799999999999997,2024-04-11,3.4,2024-04-30,2024-04-12,304525.2,357224.8,661750.0,2024Q1,2024-04-17,48335.0,190349.0,187467.0,2882.0,0.004355119002644503,0.026671000581920176,0.4355119002644503,-0.5320612932843803,-0.13301532332109509,6.954688310331251,7.24482002164921,-0.800718468079618,-0.2001796170199045,1.0852344523814843,4.852185390077902,-0.3086550067276588,-0.0771637516819147,4.5885016864308446,3.850582885504647,0.13521864366655387,0.03380466091663847,0.019739262077474402,0.05126318617378891,-0.37655403110627583,16541.42,2024-04-30
2024-04,2.3,2024-05-17,-2.5,2024-05-11,5.5,2024-05-31,2024-05-11,304525.2,357224.8,661750.0,2024Q1,2024-04-17,-658.0,171250.0,190582.0,-19332.0,-0.029213449187759727,-0.001320128350020092,-2.9213449187759726,-0.6320199962740258,-0.15800499906850646,6.8476048022078055,7.195349560168179,-0.7279871430550798,-0.18199678576376996,1.0168152450685928,4.830875488143763,0.23419170890315075,0.05854792722578769,4.606848093612531,3.8137639909226198,-0.4061759433857739,-0.10154398584644347,0.019334309533626193,0.05085096303704356,-0.3829978434529322,17763.031,2024-05-31
2024-05,3.7,2024-06-17,-1.4000000000000057,2024-06-12,7.8,2024-06-28,2024-06-14,304525.2,357224.8,661750.0,2024Q1,2024-04-17,20623.0,167319.0,186305.0,-18986.0,-0.02869059312429165,-0.017849641103135614,-2.8690593124291652,-0.4314511169759494,-0.10786277924398735,6.775476397244322,7.128215170238532,-0.4942981496584654,-0.12357453741461635,0.9706943230146333,4.796081726489704,0.8229774959373525,0.20574437398433812,4.67105113021005,3.8019859415793,-0.720441518581944,-0.180110379645486,0.018619410437033062,0.05062041900632165,-0.2058033223197516,18079.609,2024-06-28
2024-06,2.0,2024-07-15,-0.7999999999999972,2024-07-10,7.4,2024-07-31,2024-07-12,328585.4,304525.2,633110.6000000001,2024Q2,2024-07-16,32985.0,180978.0,215507.0,-34529.0,-0.05453865406770949,-0.037480898793253614,-5.453865406770949,-0.6588422158951549,-0.16471055397378873,6.6664639747116325,7.082824782822101,-0.36517716090818136,-0.09129429022704534,0.936904004146694,4.756332514955422,0.7068448213389437,0.17671120533473592,4.725863861987111,3.7832011458291452,-1.0846972047766457,-0.2711743011941614,0.017540993536237177,0.050725577688586904,-0.3504679400602596,17718.609,2024-07-31
2024-07,2.7,2024-08-15,-0.7999999999999972,2024-08-09,7.1,2024-08-30,2024-08-13,328585.4,304525.2,633110.6000000001,2024Q2,2024-07-16,7707.0,123951.0,160917.0,-36966.0,-0.05838790252445623,-0.047205716572152445,-5.838790252445623,-0.5516198550704919,-0.13790496376762298,6.57625828331232,7.027046339397936,-0.36121233685579823,-0.09030308421394956,0.9037589457395934,4.716779500307484,0.6187593738555892,0.1546898434638973,4.773501559078457,3.7599405184357155,-1.244562181040361,-0.3111405452600903,0.016296557292590517,0.051023785578684235,-0.3846587497777655,17344.6,2024-08-30
2024-08,2.1,2024-09-14,-1.7999999999999972,2024-09-09,7.8,2024-09-30,2024-09-13,328585.4,304525.2,633110.6000000001,2024Q2,2024-07-16,30323.0,139315.0,160586.0,-21271.0,-0.03359760522095191,-0.048841387271039205,-3.359760522095191,-0.6268373461907503,-0.15670933654768757,6.474831260810282,6.979212849068178,-0.5659371358736758,-0.14148428396841894,0.8521642176535652,4.686323002216907,0.791653062074639,0.19791326551865976,4.834168700016639,3.746377601585951,-1.2447632220195874,-0.31119080550489686,0.015044789457111605,0.05132395912573444,-0.41147116050234367,17989.07,2024-09-30
2024-09,3.2,2024-10-18,-2.799999999999997,2024-10-13,8.5,2024-10-31,2024-10-14,341443.2,328585.4,670028.6000000001,2024Q3,2024-10-19,37635.0,128615.0,148045.0,-19430.0,-0.028998762142392127,-0.040328089962600074,-2.8998762142392125,-0.4627373400264419,-0.11568433500661048,6.400892599119521,6.917299128997487,-0.7673756558985042,-0.19184391397462605,0.7824723426239605,4.668472755275661,0.9594108164566499,0.23985270411416248,4.907579868980261,3.744402365909806,-1.0566098119045164,-0.2641524529761291,0.013980835360486603,0.051399224871095994,-0.33182799784320316,21133.68,2024-10-31
2024-10,4.8,2024-11-15,-2.9000000000000057,2024-11-09,8.6,2024-11-29,2024-11-11,341443.2,328585.4,670028.6000000001,2024Q3,2024-10-19,14120.0,143393.0,154237.0,-10844.0,-0.016184383771080814,-0.02626025037814161,-1.6184383771080815,-0.22867583692643856,-0.05716895923160964,6.364874230270428,6.843198876205813,-0.7765926406558313,-0.19414816016395783,0.7122029913236808,4.6513484705098245,0.9667540561068036,0.2416885140267009,4.981452886707432,3.7429862232642166,-0.7707868941489134,-0.19269672353722836,0.013207740568378134,0.051204802839959374,-0.2023253289060949,20317.33,2024-11-29
2024-11,3.0,2024-12-16,-2.5,2024-12-09,7.3,2024-12-31,2024-12-13,341443.2,328585.4,670028.6000000001,2024Q3,2024-10-19,23288.0,146058.0,163231.0,-17173.0,-0.02563024921622748,-0.023604465043233464,-2.5630249216227483,-0.48484032539827066,-0.12121008134956766,6.289426874265372,6.784557104575165,-0.6808543967973127,-0.17021359919932819,0.6509081204662642,4.627873647123227,0.6108588247325399,0.15271470618313499,5.027795873328147,3.719687814392664,-0.7084410765948699,-0.17711026914871747,0.012500620152529129,0.05096413292309658,-0.3158192435144783,19423.609,2024-12-31
2024-12,3.7,2025-01-17,-2.299999999999997,2025-01-09,7.3,2025-01-28,2025-01-14,373512.4,341443.2,714955.6000000001,2024Q4,2025-01-18,28537.0,141610.0,140292.0,1318.0,0.001843471119045714,-0.013323720622754186,0.1843471119045714,-0.3767574631799522,-0.09418936579498804,6.231560607835265,6.719337651517483,-0.6290660121141672,-0.1572665030285418,0.5945999207424943,4.601424755113236,0.6024700377388025,0.15061750943470062,5.073170903341179,3.6961657130976695,-0.5005821217898505,-0.12514553044746263,0.01200463298281772,0.05059779904845464,-0.2259838898362919,20059.951,2025-01-28
2025-01,,,-2.299999999999997,2025-02-09,9.6,2025-02-28,2025-02-14,373512.4,341443.2,714955.6000000001,2024Q4,2025-01-18,70546.0,204449.0,199660.0,4789.0,0.00669831804940055,-0.0056961533492603965,0.669831804940055,,,6.231560607835265,6.719337651517484,-0.6206737767943532,-0.1551684441985883,0.5393668228289398,4.574652464767655,1.1945380299945954,0.29863450749864884,5.163488655804017,3.713997572949649,-0.34604787842401824,-0.08651196960600456,0.011664714658025049,0.05016897686629618,,20225.111,2025-02-28
2025-02,,2025-03-17,-2.200000000000003,2025-03-09,10.4,2025-03-31,2025-03-14,373512.4,341443.2,714955.6000000001,2024Q4,2025-01-18,22331.0,196457.0,183340.0,13117.0,0.018346593830442057,0.008962794332962784,1.8346593830442057,,,6.231560607835266,6.719337651517484,-0.5910355650767851,-0.14775889126919628,0.4870963958774885,4.546420815688805,1.3686901010490904,0.3421725252622726,5.2678737055622475,3.749662754559281,-0.0533354121935207,-0.013333853048380175,0.011612835070731714,0.04968632712828013,,22941.32,2025-03-31
2025-03,5.9,2025-04-16,-2.5,2025-04-10,10.8,2025-04-30,2025-04-13,318466.4,373512.4,691978.8,2025Q1,2025-04-17,58961.0,217783.0,190349.0,27434.0,0.03964572325048108,0.02156354504344124,3.964572325048108,-0.04876857393012635,-0.012192143482531587,6.223892149436229,6.6414111247191325,-0.6480338418853352,-0.1620084604713338,0.4300996333138914,4.521522556274694,1.4296303524955252,0.3574075881238813,5.378056351592632,3.7925493390252707,0.19826200990006612,0.04956550247501653,0.011803873664771725,0.049226129522185684,0.23277248664503244,23119.58,2025-04-30
2025-04,5.1,2025-05-19,-2.700000000000003,2025-05-10,9.3,2025-05-30,2025-05-14,318466.4,373512.4,691978.8,2025Q1,2025-04-17,11599.0,215262.0,171250.0,44012.0,0.06360310460378266,0.040531807228235274,6.360310460378265,-0.1672078960851176,-0.0418019740212794,6.198003417716823,6.566695972048364,-0.6824869929179641,-0.17062174822949103,0.3703748888475489,4.4988035240352415,1.012951066804734,0.2532377667011835,5.45610309512768,3.7947508333226403,0.5760649114655699,0.14401622786639248,0.012355335670717307,0.048911973280639585,0.18483027231680552,22119.41,2025-05-30
2025-05,6.4,2025-06-16,-3.299999999999997,2025-06-09,10.7,2025-06-30,2025-06-13,318466.4,373512.4,691978.8,2025Q1,2025-04-17,22900.0,214874.0,167319.0,47555.0,0.06872320365884041,0.05732401050436806,6.872320365884041,0.03040538401835814,0.007601346004589535,6.20263801065731,6.491021104141532,-0.8029030657643559,-0.20072576644108897,0.3003420318866164,4.484155292717837,1.3425704995508545,0.3356426248877136,5.560370177806795,3.8282010694504485,0.9031467263312192,0.2257866815828048,0.013218446436024855,0.048835435906975734,0.368304886034019,23289.77,2025-06-30
2025-06,4.8,2025-07-15,-3.5999999999999943,2025-07-09,11.5,2025-07-31,2025-07-14,341395.3,318466.4,659861.7,2025Q2,2025-07-16,42251.0,228588.0,180978.0,47610.0,0.07215148265159199,0.06815926363807169,7.215148265159199,-0.21348955689099133,-0.05337238922274783,6.170580191869582,6.419893374781821,-0.8552567808886838,-0.21381419522217096,0.2259220633914174,4.47341915186683,1.500242012920328,0.375060503230082,5.67837486524176,3.8804573426296947,1.100754903550779,0.2751887258876948,0.014272828100674725,0.04895407266737751,0.383062644672858,24072.279,2025-07-31
2025-07,3.7,2025-08-15,-3.5999999999999943,2025-08-09,10.8,2025-08-29,2025-08-13,341395.3,318466.4,659861.7,2025Q2,2025-07-16,11307.0,169349.0,123951.0,45398.0,0.06879926505811748,0.06989131712284997,6.879926505811748,-0.3797778979739305,-0.09494447449348263,6.114327097273445,6.3572080159313895,-0.8411522108236555,-0.21028805270591389,0.15292281880975775,4.461645312844025,1.284444868482741,0.32111121712068524,5.7800468927948945,3.908266699788337,1.1113705279725161,0.27784263199312903,0.01534008564527212,0.049084648282959414,0.29372132191441774,24773.33,2025-08-29
2025-08,3.4,2025-09-15,-2.9000000000000057,2025-09-10,10.4,2025-09-30,2025-09-12,341395.3,318466.4,659861.7,2025Q2,2025-07-16,25660.0,172678.0,139315.0,33363.0,0.050560594742807476,0.063837114150839,5.056059474280747,-0.4212174077555841,-0.10530435193889602,6.0527518680676105,6.2978210758252855,-0.6746641860982144,-0.1686660465245536,0.09467312899251454,4.438761076546266,1.1542704435302846,0.28856761088257116,5.871688342281465,3.923094178751468,0.9693805629872217,0.24234514074680544,0.01627057949036366,0.049068999809419894,0.25694235316592695,25077.62,2025-09-30
2025-09,3.0,2025-10-20,-2.299999999999997,2025-10-15,11.1,2025-10-31,2025-10-15,354106.2,341395.3,695501.5,2025Q3,2025-10-21,35299.0,149016.0,128615.0,20401.0,0.029332790799157155,0.04956421686669405,2.9332790799157156,-0.47793994761380154,-0.11948498690345039,5.983748853515605,6.242936729629927,-0.5328281546992298,-0.13320703867480746,0.04898328627599018,4.408519455211481,1.2965771092279053,0.3241442773069763,5.975317809236224,3.952470049247944,0.6689907391024065,0.16724768477560162,0.016909297173139024,0.048812214855722146,0.23869993650432006,26855.56,2025-10-31
2025-10,2.9,2025-11-14,-2.0999999999999943,2025-11-09,10.6,2025-11-28,2025-11-13,354106.2,341395.3,695501.5,2025Q3,2025-10-21,8178.0,145595.0,143393.0,2202.0,0.003166060748970347,0.02768648209697834,0.31660607489703474,-0.48701230040219023,-0.12175307510054756,5.914290637035178,6.189352167380333,-0.4816875460133115,-0.12042188650332787,0.007981557045688493,4.37624259645573,1.1428856393563427,0.28572140983908567,6.066914059177525,3.9663512994838626,0.21855790956405935,0.05463947739101484,0.01711602708579352,0.04836455030279569,0.09818592562622509,25906.65,2025-11-28
2025-11,1.3,2025-12-15,-2.200000000000003,2025-12-10,11.2,2025-12-31,2025-12-12,354106.2,341395.3,695501.5,2025Q3,2025-10-21,24926.0,147621.0,146058.0,1563.0,0.00224729925097214,0.011582050266366562,0.224729925097214,-0.7325001907039428,-0.1831250476759857,5.810716318231073,6.157972892670802,-0.4984811175185466,-0.12462027937963666,-0.03414542738291697,4.344907954385057,1.2603631112161076,0.3150907778040269,6.168504955906655,3.992099577746704,-0.11330530672939923,-0.028326326682349807,0.017009885256805034,0.04790450815689921,-0.02098087593394527,25858.89,2025-12-31
2025-12,0.9,2026-01-19,-1.9000000000000057,2026-01-09,11.6,2026-01-30,2026-01-15,387911.3,354106.2,742017.5,2025Q4,2026-01-20,22132.0,127502.0,141610.0,-14108.0,-0.019013028668461322,-0.004533222889506265,-1.9013028668461323,-0.7828755636159859,-0.19571889090399647,5.70085923683366,6.132340131628587,-0.42456493328625294,-0.10614123332156324,-0.06974449286146965,4.310896552317309,1.3228045659698593,0.3307011414924648,6.275924282596802,4.024839235038224,-0.4445071305225933,-0.11112678263064832,0.016596733339042317,0.04753569690480948,-0.08228576536374319,25630.54,2026-01-30
2026-01,,,-1.4000000000000057,2026-02-11,9.9,2026-02-27,2026-02-13,387911.3,354106.2,742017.5,2025Q4,2026-01-20,72185.0,188380.0,204449.0,-16069.0,-0.021655823481252126,-0.012807184299580422,-2.1655823481252128,,,5.70085923683366,6.132340131628587,-0.30534199293540576,-0.07633549823385144,-0.09512450501911437,4.273488498704252,0.8843612602567191,0.22109031506417978,6.3475474088398025,4.016969931641923,-0.610349229519517,-0.15258730737987924,0.016032888374687772,0.047251755682516154,,27387.11,2026-02-27
2026-02,,2026-03-16,-0.9000000000000057,2026-03-09,9.8,2026-03-31,2026-03-13,387911.3,354106.2,742017.5,2025Q4,2026-01-20,23837.0,186557.0,196457.0,-9900.0,-0.013342003389407931,-0.018003618513040446,-1.334200338940793,,,5.700859236833661,6.132340131628587,-0.18647254943351796,-0.04661813735837949,-0.11048062500164406,4.233971045051029,0.8447401923894067,0.21118504809735167,6.415731455451171,4.006283322421524,-0.7098275408802908,-0.1774568852200727,0.015380278729987396,0.047030997418932054,,26630.54,2026-03-31
2026-03,1.7,2026-04-16,0.5,2026-04-10,9.3,2026-04-30,2026-04-13,334192.9,387911.3,722104.2,2026Q1,2026-04-17,52240.0,203498.0,217783.0,-14285.0,-0.019782463528116856,-0.018260096799592288,-1.9782463528116856,-0.641628659339294,-0.1604071648348235,5.6082297767797,6.091108493819667,0.1427756581365626,0.03569391453414065,-0.09883344509584512,4.194226473276493,0.7091459406612675,0.17728648516531686,6.472655496384627,3.986971286867861,-0.7049093113210244,-0.1762273278302561,0.014735331445135308,0.04680804709884314,-0.1236540929656221,24788.14,2026-04-30
2026-04,0.2,2026-05-18,2.799999999999997,2026-05-11,10.0,2026-05-29,2026-05-14,334192.9,387911.3,722104.2,2026Q1,2026-04-17,6238.0,201558.0,215262.0,-13704.0,-0.018977870506777277,-0.017367445808100675,-1.8977870506777277,-0.8696295783426486,-0.21740739458566216,5.483525425701248,6.07560455311405,0.6813957840806943,0.17034894602017359,-0.0435279425222259,4.1730929497290195,0.8692028298333065,0.21730070745832664,6.542224968330762,3.9780991420982383,-0.676162534133618,-0.1690406335334045,0.014119925436131298,0.046567755021471924,0.0012016253594335502,25776.53,2026-05-29
2026-05,-0.6,2026-06-16,3.9000000000000057,2026-06-10,9.9,2026-06-30,2026-06-12,334192.9,387911.3,722104.2,2026Q1,2026-04-17,20293.0,196925.0,214874.0,-17949.0,-0.024856523476805704,-0.021205619170566598,-2.4856523476805705,-0.9784054829334066,-0.24460137073335164,5.343807178626811,6.07499373450605,0.9279835443994137,0.23199588609985342,0.0317081542675614,4.16849185427742,0.8298447107899115,0.20746117769747788,6.60840682200039,3.9665170304771995,-0.7471296653038617,-0.18678241632596543,0.013442807083659145,0.04637538550973483,0.008073276738014223,25182.39,2026-06-30
2026-06,1.0,2026-07-15,4.099999999999994,2026-07-09,9.2,2026-07-31,2026-07-15,361511.1,334192.9,695704.0,2026Q2,2026-07-16,33671.0,208464.0,228588.0,-20124.0,-0.02892609500592206,-0.024253496329835002,-2.892609500592206,-0.7026579518634992,-0.1756644879658748,5.244431686323067,6.040537469285775,0.957860096434857,0.23946502410871426,0.10932388665592188,4.166241112034333,0.6441741645471822,0.16104354113679556,6.659454530090005,3.943879791726595,-0.7999265835495994,-0.19998164588739986,0.012720316972442507,0.04622150840169565,0.02486243139223515,22881.02,2026-07-31
2026-07,0.6,2026-08-17,3.5,2026-08-09,10.2,2026-08-31,2026-08-14,361511.1,334192.9,695704.0,2026Q2,2026-07-16,14068.0,150347.0,169349.0,-19002.0,-0.027313340156158366,-0.02703198621296203,-2.7313340156158366,-0.7549368786925146,-0.18873421967312864,5.13858168803885,6.01186909281645,0.8009512322640564,0.2002378080660141,0.1740113859131767,4.152548220302028,0.8818180397335903,0.22045450993339757,6.729150418312357,3.936015623740511,-0.8457275033670478,-0.21143187584176196,0.011958494676570756,0.046102888618736126,0.020526222484521073,25884.43,2026-08-31
2026-08,0.4,2026-09-15,3.799999999999997,2026-09-09,11.0,2026-09-30,2026-09-14,361511.1,334192.9,695704.0,2026Q2,2026-07-16,16577.0,143087.0,172678.0,-29591.0,-0.04253389372491749,-0.03292444296233263,-4.253389372491749,-0.7737033871846224,-0.1934258467961556,5.030986285389434,5.985480175084693,0.8585445043241805,0.21463612608104513,0.2431876264226829,4.142839836098102,1.0619949206705719,0.26549873016764297,6.813170708882999,3.9424193182330156,-0.9554449766041487,-0.23886124415103718,0.01109842883982292,0.046075779223437904,0.04784776530149534,25566.99,2026-09-30
