observation_period,value,release_date,source_url,annex_url,source_row,unit,official_field,vintage_status
2011-08,15.5,2011-09-30,https://www.hkma.gov.hk/eng/news-and-media/press-releases/2011/09/20110930-5/,https://www.hkma.gov.hk/media/eng/doc/key-information/press-release/2011/20110930e5a1.pdf,"Total 7,784,575 7,790,117 ( -0.1) 7 ,655,424 ( 1.7) 6 ,741,289 ( 15.5)",percent,Table 1A / Money Supply / M2 / Total / earlier same month % change,contemporaneous_monthly_release_annex
2011-09,11.2,2011-10-31,https://www.hkma.gov.hk/eng/news-and-media/press-releases/2011/10/20111031-6/,https://www.hkma.gov.hk/media/eng/doc/key-information/press-release/2011/20111031e6a1.pdf,"Total 7,769,534 7,777,513 ( -0.1) 7 ,626,662 ( 1.9) 6 ,989,179 ( 11.2)",percent,Table 1A / Money Supply / M2 / Total / earlier same month % change,contemporaneous_monthly_release_annex
2011-10,8.4,2011-11-30,https://www.hkma.gov.hk/eng/news-and-media/press-releases/2011/11/20111130-5/,https://www.hkma.gov.hk/media/eng/doc/key-information/press-release/2011/20111130e5a1.pdf,"Total 7,921,162 7,769,534 ( 2.0) 7 ,790,117 ( 1.7) 7 ,306,377 ( 8.4)",percent,Table 1A / Money Supply / M2 / Total / earlier same month % change,contemporaneous_monthly_release_annex
2011-11,12.5,2011-12-30,https://www.hkma.gov.hk/eng/news-and-media/press-releases/2011/12/20111230-6/,https://www.hkma.gov.hk/media/eng/doc/key-information/press-release/2011/20111230e6a1.pdf,"Total 7,996,556 7,921,068 ( 1.0) 7 ,777,513 ( 2.8) 7 ,110,852 ( 12.5)",percent,Table 1A / Money Supply / M2 / Total / earlier same month % change,contemporaneous_monthly_release_annex
2011-12,12.9,2012-01-31,https://www.hkma.gov.hk/eng/news-and-media/press-releases/2012/01/20120131-6/,https://www.hkma.gov.hk/media/eng/doc/key-information/press-release/2012/20120131e6a1.pdf,"Total 8,059,201 7,996,556 ( 0.8) 7 ,769,534 ( 3.7) 7 ,136,271 ( 12.9)",percent,Table 1A / Money Supply / M2 / Total / earlier same month % change,contemporaneous_monthly_release_annex
2012-01,12.8,2012-02-29,https://www.hkma.gov.hk/eng/news-and-media/press-releases/2012/02/20120229-5/,https://www.hkma.gov.hk/media/eng/doc/key-information/press-release/2012/20120229e5a1.pdf,"Total 8 ,197,008 8 ,057,348 ( 1.7) 7 ,921,068 ( 3.5) 7,264,059 ( 12.8)",percent,Table 1A / Money Supply / M2 / Total / earlier same month % change,contemporaneous_monthly_release_annex
2012-02,14.9,2012-03-30,https://www.hkma.gov.hk/eng/news-and-media/press-releases/2012/03/20120330-5/,https://www.hkma.gov.hk/media/eng/doc/key-information/press-release/2012/20120330e5a1.pdf,"Total 8,296,465 8,197,008 ( 1.2) 7 ,996,556 ( 3.8) 7 ,219,886 ( 14.9)",percent,Table 1A / Money Supply / M2 / Total / earlier same month % change,contemporaneous_monthly_release_annex
2012-03,12.0,2012-04-30,https://www.hkma.gov.hk/eng/news-and-media/press-releases/2012/04/20120430-5/,https://www.hkma.gov.hk/media/eng/doc/key-information/press-release/2011/20120430e5a1.pdf,"Total 8,261,176 8,296,465 ( -0.4) 8 ,057,530 ( 2.5) 7 ,374,716 ( 12.0)",percent,Table 1A / Money Supply / M2 / Total / earlier same month % change,contemporaneous_monthly_release_annex
2012-04,10.2,2012-05-31,https://www.hkma.gov.hk/eng/news-and-media/press-releases/2012/05/20120531-4/,https://www.hkma.gov.hk/media/eng/doc/key-information/press-release/2012/20120531e4a1.pdf,"Total 8 ,346,343 8 ,261,020 ( 1.0) 8 ,197,008 ( 1.8) 7,573,763 ( 10.2)",percent,Table 1A / Money Supply / M2 / Total / earlier same month % change,contemporaneous_monthly_release_annex
2012-05,7.2,2012-06-29,https://www.hkma.gov.hk/eng/news-and-media/press-releases/2012/06/20120629-5/,https://www.hkma.gov.hk/media/eng/doc/key-information/press-release/2012/20120629e5a1.pdf,"Total 8 ,209,330 8,346,343 ( -1.6) 8,296,465 ( -1.1) 7 ,655,424 ( 7.2)",percent,Table 1A / Money Supply / M2 / Total / earlier same month % change,contemporaneous_monthly_release_annex
2012-06,9.1,2012-07-31,https://www.hkma.gov.hk/eng/news-and-media/press-releases/2012/07/20120731-5/,https://www.hkma.gov.hk/media/eng/doc/key-information/press-release/2012/20120731e5a1.pdf,"Total 8 ,318,792 8,209,330 ( 1.3) 8,261,020 ( 0.7) 7,626,662 ( 9.1)",percent,Table 1A / Money Supply / M2 / Total / earlier same month % change,contemporaneous_monthly_release_annex
2012-07,7.7,2012-08-31,https://www.hkma.gov.hk/eng/news-and-media/press-releases/2012/08/20120831-5/,https://www.hkma.gov.hk/media/eng/doc/key-information/press-release/2012/20120831e5a1.pdf,"Total 8,386,422 8,318,742 ( 0.8) 8 ,346,343 ( 0.5) 7 ,790,117 ( 7.7)",percent,Table 1A / Money Supply / M2 / Total / earlier same month % change,contemporaneous_monthly_release_annex
2012-08,8.9,2012-09-28,https://www.hkma.gov.hk/eng/news-and-media/press-releases/2012/09/20120928-6/,https://www.hkma.gov.hk/media/eng/doc/key-information/press-release/2012/20120928e6a1.pdf,"Total 8 ,467,466 8 ,386,422 ( 1.0) 8 ,209,330 ( 3.1) 7 ,777,513 ( 8.9)",percent,Table 1A / Money Supply / M2 / Total / earlier same month % change,contemporaneous_monthly_release_annex
2012-09,10.5,2012-10-31,https://www.hkma.gov.hk/eng/news-and-media/press-releases/2012/10/20121031-3/,https://www.hkma.gov.hk/media/eng/doc/key-information/press-release/2012/20121031e3a1.pdf,"Total 8,581,471 8,467,466 ( 1.3) 8,318,695 ( 3.2) 7,769,534 ( 10.5)",percent,Table 1A / Money Supply / M2 / Total / earlier same month % change,contemporaneous_monthly_release_annex
2012-10,10.4,2012-11-30,https://www.hkma.gov.hk/eng/news-and-media/press-releases/2012/11/20121130-4/,https://www.hkma.gov.hk/media/chi/doc/key-information/press-release/2012/20121130e2a1.pdf,"Total 8,743,999 8 ,581,471 ( 1.9) 8 ,386,422 ( 4.3) 7 ,921,068 ( 10.4)",percent,Table 1A / Money Supply / M2 / Total / earlier same month % change,contemporaneous_monthly_release_annex
2012-11,10.3,2012-12-31,https://www.hkma.gov.hk/eng/news-and-media/press-releases/2012/12/20121231-6/,https://www.hkma.gov.hk/media/eng/doc/key-information/press-release/2012/20121231e6a1.pdf,"Total 8,822,286 8 ,743,999 ( 0.9) 8 ,467,466 ( 4.2) 7 ,996,556 ( 10.3)",percent,Table 1A / Money Supply / M2 / Total / earlier same month % change,contemporaneous_monthly_release_annex
2012-12,11.1,2013-01-31,https://www.hkma.gov.hk/eng/news-and-media/press-releases/2013/01/20130131-5/,https://www.hkma.gov.hk/media/eng/doc/key-information/press-release/2013/20130131e5a1.pdf,"Total 8,950,928 8 ,822,286 ( 1.5) 8 ,581,471 ( 4.3) 8 ,057,530 ( 11.1)",percent,Table 1A / Money Supply / M2 / Total / earlier same month % change,contemporaneous_monthly_release_annex
2013-01,12.4,2013-02-28,https://www.hkma.gov.hk/eng/news-and-media/press-releases/2013/02/20130228-5/,https://www.hkma.gov.hk/media/eng/doc/key-information/press-release/2013/20130228e5a1.pdf,"Total 9,210,328 8 ,950,928 ( 2.9) 8 ,743,999 ( 5.3) 8 ,197,008 ( 12.4)",percent,Table 1A / Money Supply / M2 / Total / earlier same month % change,contemporaneous_monthly_release_annex
2013-02,9.7,2013-03-28,https://www.hkma.gov.hk/eng/news-and-media/press-releases/2013/03/20130328-3/,https://www.hkma.gov.hk/media/eng/doc/key-information/press-release/2013/20130328e3a1.pdf,"Total 9,102,682 9 ,210,328 ( -1.2) 8 ,822,286 ( 3.2) 8 ,296,465 ( 9.7)",percent,Table 1A / Money Supply / M2 / Total / earlier same month % change,contemporaneous_monthly_release_annex
2013-03,9.5,2013-04-30,https://www.hkma.gov.hk/eng/news-and-media/press-releases/2013/04/20130430-3/,https://www.hkma.gov.hk/media/eng/doc/key-information/press-release/2013/20130430e3a1.pdf,"Total 9,047,164 9 ,102,682 ( -0.6) 8 ,950,005 ( 1.1) 8 ,261,020 ( 9.5)",percent,Table 1A / Money Supply / M2 / Total / earlier same month % change,contemporaneous_monthly_release_annex
2013-04,10.3,2013-05-31,https://www.hkma.gov.hk/eng/news-and-media/press-releases/2013/05/20130531-3/,https://www.hkma.gov.hk/media/eng/doc/key-information/press-release/2013/20130531e3a1.pdf,"Total 9,201,951 9 ,047,164 ( 1.7) 9 ,210,328 ( -0.1) 8 ,346,343 ( 10.3)",percent,Table 1A / Money Supply / M2 / Total / earlier same month % change,contemporaneous_monthly_release_annex
2013-05,13.4,2013-06-28,https://www.hkma.gov.hk/eng/news-and-media/press-releases/2013/06/20130628-5/,https://www.hkma.gov.hk/media/eng/doc/key-information/press-release/2013/20130628e5a1.pdf,"Total 9,313,313 9 ,201,951 ( 1.2) 9 ,102,682 ( 2.3) 8 ,209,330 ( 13.4)",percent,Table 1A / Money Supply / M2 / Total / earlier same month % change,contemporaneous_monthly_release_annex
2013-06,10.8,2013-07-31,https://www.hkma.gov.hk/eng/news-and-media/press-releases/2013/07/20130731-6/,https://www.hkma.gov.hk/media/eng/doc/key-information/press-release/2013/20130731e6a1.pdf,"Total 9,219,727 9 ,313,313 ( -1.0) 9 ,047,164 ( 1.9) 8 ,318,695 ( 10.8)",percent,Table 1A / Money Supply / M2 / Total / earlier same month % change,contemporaneous_monthly_release_annex
2013-07,11.6,2013-08-30,https://www.hkma.gov.hk/eng/news-and-media/press-releases/2013/08/20130830-5/,https://www.hkma.gov.hk/media/eng/doc/key-information/press-release/2013/20130830e5a1.pdf,"Total 9,359,834 9 ,219,650 ( 1.5) 9 ,201,951 ( 1.7) 8 ,386,422 ( 11.6)",percent,Table 1A / Money Supply / M2 / Total / earlier same month % change,contemporaneous_monthly_release_annex
2013-08,11.3,2013-09-30,https://www.hkma.gov.hk/eng/news-and-media/press-releases/2013/09/20130930-7/,https://www.hkma.gov.hk/media/eng/doc/key-information/press-release/2013/20130930e7a1.pdf,"Total 9,421,787 9 ,359,834 ( 0.7) 9 ,313,235 ( 1.2) 8 ,467,466 ( 11.3)",percent,Table 1A / Money Supply / M2 / Total / earlier same month % change,contemporaneous_monthly_release_annex
2013-09,13.3,2013-10-31,https://www.hkma.gov.hk/eng/news-and-media/press-releases/2013/10/20131031-5/,https://www.hkma.gov.hk/media/eng/doc/key-information/press-release/2013/20131031e5a1.pdf,"Total 9 ,726,412 9 ,421,787 ( 3.2) 9 ,219,621 ( 5.5) 8 ,581,471 ( 13.3)",percent,Table 1A / Money Supply / M2 / Total / earlier same month % change,contemporaneous_monthly_release_annex
2013-10,12.3,2013-11-29,https://www.hkma.gov.hk/eng/news-and-media/press-releases/2013/11/20131129-6/,https://www.hkma.gov.hk/media/eng/doc/key-information/press-release/2013/20131129e6a1.pdf,"Total 9 ,823,760 9 ,726,413 ( 1.0) 9 ,359,834 ( 5.0) 8 ,743,999 ( 12.3)",percent,Table 1A / Money Supply / M2 / Total / earlier same month % change,contemporaneous_monthly_release_annex
2013-11,12.5,2013-12-31,https://www.hkma.gov.hk/eng/news-and-media/press-releases/2013/12/20131231-6/,https://www.hkma.gov.hk/media/eng/doc/key-information/press-release/2013/20131231e6a1.pdf,"Total 9 ,929,177 9 ,823,760 ( 1.1) 9 ,421,787 ( 5.4) 8 ,822,286 ( 12.5)",percent,Table 1A / Money Supply / M2 / Total / earlier same month % change,contemporaneous_monthly_release_annex
2013-12,12.3,2014-01-30,https://www.hkma.gov.hk/eng/news-and-media/press-releases/2014/01/20140130-5/,https://www.hkma.gov.hk/media/eng/doc/key-information/press-release/2014/20140130e5a1.pdf,"Total 1 0,054,380 9 ,929,177 ( 1.3) 9 ,726,413 ( 3.4) 8 ,950,005 ( 12.3)",percent,Table 1A / Money Supply / M2 / Total / earlier same month % change,contemporaneous_monthly_release_annex
2014-01,9.6,2014-02-28,https://www.hkma.gov.hk/eng/news-and-media/press-releases/2014/02/20140228-5/,https://www.hkma.gov.hk/media/eng/doc/key-information/press-release/2014/20140228e5a1.pdf,"Total 1 0,091,002 1 0,054,380 ( 0.4) 9 ,823,760 ( 2.7) 9 ,210,328 ( 9.6)",percent,Table 1A / Money Supply / M2 / Total / earlier same month % change,contemporaneous_monthly_release_annex
2014-02,12.8,2014-03-31,https://www.hkma.gov.hk/eng/news-and-media/press-releases/2014/03/20140331-6/,https://www.hkma.gov.hk/media/eng/doc/key-information/press-release/2014/20140331e6a1.pdf,"Total 1 0,270,051 1 0,091,002 ( 1.8) 9 ,929,177 ( 3.4) 9 ,102,682 ( 12.8)",percent,Table 1A / Money Supply / M2 / Total / earlier same month % change,contemporaneous_monthly_release_annex
2014-03,12.1,2014-04-30,https://www.hkma.gov.hk/eng/news-and-media/press-releases/2014/04/20140430-6/,https://www.hkma.gov.hk/media/eng/doc/key-information/press-release/2014/20140430e6a1.pdf,"Total 1 0,145,621 1 0,270,051 ( -1.2) 1 0,056,437 ( 0.9) 9 ,047,164 ( 12.1)",percent,Table 1A / Money Supply / M2 / Total / earlier same month % change,contemporaneous_monthly_release_annex
2014-04,12.5,2014-05-30,https://www.hkma.gov.hk/eng/news-and-media/press-releases/2014/05/20140530-7/,https://www.hkma.gov.hk/media/eng/doc/key-information/press-release/2014/20140530e7a1.pdf,"Total 10,351,948 10,145,621 ( 2.0) 1 0,091,002 ( 2.6) 9,202,209 ( 12.5)",percent,Table 1A / Money Supply / M2 / Total / earlier same month % change,contemporaneous_monthly_release_annex
2014-05,12.6,2014-06-30,https://www.hkma.gov.hk/eng/news-and-media/press-releases/2014/06/20140630-6/,https://www.hkma.gov.hk/media/eng/doc/key-information/press-release/2014/20140630e6a1.pdf,"Total 1 0,491,053 1 0,351,948 ( 1.3) 1 0,270,051 ( 2.2) 9 ,313,235 ( 12.6)",percent,Table 1A / Money Supply / M2 / Total / earlier same month % change,contemporaneous_monthly_release_annex
2014-06,15.0,2014-07-31,https://www.hkma.gov.hk/eng/news-and-media/press-releases/2014/07/20140731-5/,https://www.hkma.gov.hk/media/eng/doc/key-information/press-release/2014/20140731e5a1.pdf,"Total 1 0,599,032 1 0,491,053 ( 1.0) 1 0,145,621 ( 4.5) 9 ,219,621 ( 15.0)",percent,Table 1A / Money Supply / M2 / Total / earlier same month % change,contemporaneous_monthly_release_annex
2014-07,15.9,2014-08-29,https://www.hkma.gov.hk/eng/news-and-media/press-releases/2014/08/20140829-5/,https://www.hkma.gov.hk/media/eng/doc/key-information/press-release/2014/20140829e5a1.pdf,"Total 1 0,848,244 1 0,599,032 ( 2.4) 1 0,351,948 ( 4.8) 9 ,359,834 ( 15.9)",percent,Table 1A / Money Supply / M2 / Total / earlier same month % change,contemporaneous_monthly_release_annex
2014-08,15.2,2014-09-30,https://www.hkma.gov.hk/eng/news-and-media/press-releases/2014/09/20140930-7/,https://www.hkma.gov.hk/media/eng/doc/key-information/press-release/2014/20140930e7a1.pdf,"Total 10,855,846 10,848,244 ( 0.1) 1 0,491,053 ( 3.5) 9,421,787 ( 15.2)",percent,Table 1A / Money Supply / M2 / Total / earlier same month % change,contemporaneous_monthly_release_annex
2014-09,12.2,2014-10-31,https://www.hkma.gov.hk/eng/news-and-media/press-releases/2014/10/20141031-7/,https://www.hkma.gov.hk/media/eng/doc/key-information/press-release/2014/20141031e7a1.pdf,"Total 1 0,911,013 1 0,855,846 ( 0.5) 1 0,599,021 ( 2.9) 9 ,726,413 ( 12.2)",percent,Table 1A / Money Supply / M2 / Total / earlier same month % change,contemporaneous_monthly_release_annex
2014-10,12.1,2014-11-28,https://www.hkma.gov.hk/eng/news-and-media/press-releases/2014/11/20141128-8/,https://www.hkma.gov.hk/media/eng/doc/key-information/press-release/2014/20141128e8a1.pdf,"Total 1 1,010,752 1 0,911,011 ( 0.9) 1 0,848,244 ( 1.5) 9 ,823,760 ( 12.1)",percent,Table 1A / Money Supply / M2 / Total / earlier same month % change,contemporaneous_monthly_release_annex
2014-11,11.2,2014-12-31,https://www.hkma.gov.hk/eng/news-and-media/press-releases/2014/12/20141231-5/,https://www.hkma.gov.hk/media/eng/doc/key-information/press-release/2014/20141231e5a1.pdf,"Total 1 1,038,198 1 1,010,752 ( 0.2) 1 0,855,846 ( 1.7) 9 ,929,177 ( 11.2)",percent,Table 1A / Money Supply / M2 / Total / earlier same month % change,contemporaneous_monthly_release_annex
2014-12,9.5,2015-01-30,https://www.hkma.gov.hk/eng/news-and-media/press-releases/2015/01/20150130-5/,https://www.hkma.gov.hk/media/eng/doc/key-information/press-release/2015/20150130e5a1.pdf,"Total 1 1,012,130 1 1,038,198 ( -0.2) 1 0,911,011 ( 0.9) 1 0,056,437 ( 9.5)",percent,Table 1A / Money Supply / M2 / Total / earlier same month % change,contemporaneous_monthly_release_annex
2015-01,10.3,2015-02-27,https://www.hkma.gov.hk/eng/news-and-media/press-releases/2015/02/20150227-6/,https://www.hkma.gov.hk/media/eng/doc/key-information/press-release/2015/20150227e6a1.pdf,"Total 1 1,132,385 1 1,012,130 ( 1.1) 1 1,010,752 ( 1.1) 1 0,091,002 ( 10.3)",percent,Table 1A / Money Supply / M2 / Total / earlier same month % change,contemporaneous_monthly_release_annex
2015-02,8.3,2015-03-31,https://www.hkma.gov.hk/eng/news-and-media/press-releases/2015/03/20150331-6/,https://www.hkma.gov.hk/media/eng/doc/key-information/press-release/2015/20150331e6a1.pdf,"Total 1 1,125,070 1 1,132,385 ( -0.1) 1 1,038,198 ( 0.8) 1 0,270,051 ( 8.3)",percent,Table 1A / Money Supply / M2 / Total / earlier same month % change,contemporaneous_monthly_release_annex
2015-03,11.9,2015-04-30,https://www.hkma.gov.hk/eng/news-and-media/press-releases/2015/04/20150430-5/,https://www.hkma.gov.hk/media/eng/doc/key-information/press-release/2015/20150430e5a1.pdf,"Total 1 1,348,100 1 1,125,070 ( 2.0) 1 1,012,130 ( 3.1) 1 0,145,621 ( 11.9)",percent,Table 1A / Money Supply / M2 / Total / earlier same month % change,contemporaneous_monthly_release_annex
2015-04,10.3,2015-05-29,https://www.hkma.gov.hk/eng/news-and-media/press-releases/2015/05/20150529-6/,https://www.hkma.gov.hk/media/eng/doc/key-information/press-release/2015/20150529e6a1.pdf,"Total 1 1,421,675 1 1,348,100 ( 0.6) 1 1,132,385 ( 2.6) 1 0,351,948 ( 10.3)",percent,Table 1A / Money Supply / M2 / Total / earlier same month % change,contemporaneous_monthly_release_annex
2015-05,9.1,2015-06-30,https://www.hkma.gov.hk/eng/news-and-media/press-releases/2015/06/20150630-6/,https://www.hkma.gov.hk/media/eng/doc/key-information/press-release/2015/20150630e6a1.pdf,"Total 1 1,450,727 1 1,421,675 ( 0.3) 1 1,125,070 ( 2.9) 1 0,491,053 ( 9.1)",percent,Table 1A / Money Supply / M2 / Total / earlier same month % change,contemporaneous_monthly_release_annex
2015-06,7.9,2015-07-31,https://www.hkma.gov.hk/eng/news-and-media/press-releases/2015/07/20150731-6/,https://www.hkma.gov.hk/media/eng/doc/key-information/press-release/2015/20150731e6a1.pdf,"Total 1 1,436,346 1 1,450,687 ( -0.1) 1 1,348,100 ( 0.8) 1 0,599,021 ( 7.9)",percent,Table 1A / Money Supply / M2 / Total / earlier same month % change,contemporaneous_monthly_release_annex
2015-07,5.1,2015-08-31,https://www.hkma.gov.hk/eng/news-and-media/press-releases/2015/08/20150831-5/,https://www.hkma.gov.hk/media/eng/doc/key-information/press-release/2015/20150831e5a1.pdf,"Total 1 1,404,238 1 1,436,346 ( -0.3) 1 1,418,264 ( -0.1) 1 0,848,244 ( 5.1)",percent,Table 1A / Money Supply / M2 / Total / earlier same month % change,contemporaneous_monthly_release_annex
2015-08,6.0,2015-09-30,https://www.hkma.gov.hk/eng/news-and-media/press-releases/2015/09/20150930-5/,https://www.hkma.gov.hk/media/eng/doc/key-information/press-release/2015/20150930e5a1.pdf,"Total 1 1,504,710 1 1,404,238 ( 0.9) 1 1,450,687 ( 0.5) 1 0,855,846 ( 6.0)",percent,Table 1A / Money Supply / M2 / Total / earlier same month % change,contemporaneous_monthly_release_annex
2015-09,4.9,2015-10-30,https://www.hkma.gov.hk/eng/news-and-media/press-releases/2015/10/20151030-6/,https://www.hkma.gov.hk/media/eng/doc/key-information/press-release/2015/20151030e6a1.pdf,"Total 1 1,446,308 1 1,504,710 ( -0.5) 1 1,436,355 ( 0.1) 1 0,911,011 ( 4.9)",percent,Table 1A / Money Supply / M2 / Total / earlier same month % change,contemporaneous_monthly_release_annex
2015-10,3.8,2015-11-30,https://www.hkma.gov.hk/eng/news-and-media/press-releases/2015/11/20151130-5/,https://www.hkma.gov.hk/media/eng/doc/key-information/press-release/2015/20151130e5a1.pdf,"Total 1 1,430,746 1 1,446,308 ( -0.1) 1 1,404,238 ( 0.2) 1 1,010,752 ( 3.8)",percent,Table 1A / Money Supply / M2 / Total / earlier same month % change,contemporaneous_monthly_release_annex
2015-11,3.9,2015-12-31,https://www.hkma.gov.hk/eng/news-and-media/press-releases/2015/12/20151231-4/,https://www.hkma.gov.hk/media/eng/doc/key-information/press-release/2015/20151231e4a1.pdf,"Total 1 1,467,125 1 1,430,746 ( 0.3) 1 1,504,710 ( -0.3) 1 1,038,198 ( 3.9)",percent,Table 1A / Money Supply / M2 / Total / earlier same month % change,contemporaneous_monthly_release_annex
2015-12,5.5,2016-01-29,https://www.hkma.gov.hk/eng/news-and-media/press-releases/2016/01/20160129-6/,https://www.hkma.gov.hk/media/eng/doc/key-information/press-release/2016/20160129e6a1.pdf,"Total 1 1,618,459 1 1,467,125 ( 1.3) 1 1,446,308 ( 1.5) 1 1,011,372 ( 5.5)",percent,Table 1A / Money Supply / M2 / Total / earlier same month % change,contemporaneous_monthly_release_annex
2016-01,5.8,2016-02-29,https://www.hkma.gov.hk/eng/news-and-media/press-releases/2016/02/20160229-6/,https://www.hkma.gov.hk/media/eng/doc/key-information/press-release/2016/20160229e6a1.pdf,"Total 1 1,770,067 1 1,618,459 ( 1.3) 1 1,430,746 ( 3.0) 1 1,129,385 ( 5.8)",percent,Table 1A / Money Supply / M2 / Total / earlier same month % change,contemporaneous_monthly_release_annex
2016-02,4.9,2016-03-31,https://www.hkma.gov.hk/eng/news-and-media/press-releases/2016/03/20160331-6/,https://www.hkma.gov.hk/media/eng/doc/key-information/press-release/2016/20160331e6a1.pdf,"Total 1 1,668,399 1 1,770,067 ( -0.9) 1 1,467,125 ( 1.8) 1 1,122,588 ( 4.9)",percent,Table 1A / Money Supply / M2 / Total / earlier same month % change,contemporaneous_monthly_release_annex
2016-03,3.5,2016-04-29,https://www.hkma.gov.hk/eng/news-and-media/press-releases/2016/04/20160429-6/,https://www.hkma.gov.hk/media/eng/doc/key-information/press-release/2016/20160429e6a1.pdf,"Total 1 1,747,635 1 1,668,399 ( 0.7) 1 1,618,459 ( 1.1) 1 1,345,002 ( 3.5)",percent,Table 1A / Money Supply / M2 / Total / earlier same month % change,contemporaneous_monthly_release_annex
2016-04,3.0,2016-05-31,https://www.hkma.gov.hk/eng/news-and-media/press-releases/2016/05/20160531-5/,https://www.hkma.gov.hk/media/eng/doc/key-information/press-release/2016/20160531e5a1.pdf,"Total 1 1,758,279 1 1,747,635 ( 0.1) 1 1,770,067 ( -0.1) 1 1,418,264 ( 3.0)",percent,Table 1A / Money Supply / M2 / Total / earlier same month % change,contemporaneous_monthly_release_annex
2016-05,2.1,2016-06-30,https://www.hkma.gov.hk/eng/news-and-media/press-releases/2016/06/20160630-6/,https://www.hkma.gov.hk/media/eng/doc/key-information/press-release/2016/20160630e6a1.pdf,"Total 1 1,688,544 1 1,758,279 ( -0.6) 1 1,668,399 ( 0.2) 1 1,450,687 ( 2.1)",percent,Table 1A / Money Supply / M2 / Total / earlier same month % change,contemporaneous_monthly_release_annex
2016-06,3.1,2016-07-29,https://www.hkma.gov.hk/eng/news-and-media/press-releases/2016/07/20160729-9/,https://www.hkma.gov.hk/media/eng/doc/key-information/press-release/2016/20160729e9a1.pdf,"Total 1 1,791,318 1 1,688,544 ( 0.9) 1 1,747,635 ( 0.4) 1 1,436,355 ( 3.1)",percent,Table 1A / Money Supply / M2 / Total / earlier same month % change,contemporaneous_monthly_release_annex
2016-07,5.2,2016-08-31,https://www.hkma.gov.hk/eng/news-and-media/press-releases/2016/08/20160831-3/,https://www.hkma.gov.hk/media/eng/doc/key-information/press-release/2016/20160831e3a1.pdf,"Total 1 1,997,819 1 1,791,318 ( 1.8) 1 1,758,279 ( 2.0) 1 1,404,238 ( 5.2)",percent,Table 1A / Money Supply / M2 / Total / earlier same month % change,contemporaneous_monthly_release_annex
2016-08,5.4,2016-09-30,https://www.hkma.gov.hk/eng/news-and-media/press-releases/2016/09/20160930-5/,https://www.hkma.gov.hk/media/eng/doc/key-information/press-release/2016/20160930e5a1.pdf,"Total 1 2,127,442 1 1,997,819 ( 1.1) 1 1,688,544 ( 3.8) 1 1,504,361 ( 5.4)",percent,Table 1A / Money Supply / M2 / Total / earlier same month % change,contemporaneous_monthly_release_annex
2016-09,8.3,2016-10-31,https://www.hkma.gov.hk/eng/news-and-media/press-releases/2016/10/20161031-5/,https://www.hkma.gov.hk/media/eng/doc/key-information/press-release/2016/20161031e5a1.pdf,"Total 1 2,390,203 1 2,127,442 ( 2.2) 1 1,791,318 ( 5.1) 1 1,445,509 ( 8.3)",percent,Table 1A / Money Supply / M2 / Total / earlier same month % change,contemporaneous_monthly_release_annex
2016-10,8.9,2016-11-30,https://www.hkma.gov.hk/eng/news-and-media/press-releases/2016/11/20161130-5/,https://www.hkma.gov.hk/media/eng/doc/key-information/press-release/2016/20161130e5a1.pdf,"Total 1 2,445,383 1 2,390,203 ( 0.4) 1 1,997,819 ( 3.7) 1 1,430,746 ( 8.9)",percent,Table 1A / Money Supply / M2 / Total / earlier same month % change,contemporaneous_monthly_release_annex
2016-11,9.2,2016-12-30,https://www.hkma.gov.hk/eng/news-and-media/press-releases/2016/12/20161230-3/,https://www.hkma.gov.hk/media/eng/doc/key-information/press-release/2016/20161230e3a1.pdf,"Total 1 2,524,980 1 2,445,383 ( 0.6) 1 2,127,442 ( 3.3) 1 1,467,125 ( 9.2)",percent,Table 1A / Money Supply / M2 / Total / earlier same month % change,contemporaneous_monthly_release_annex
2016-12,7.7,2017-01-27,https://www.hkma.gov.hk/eng/news-and-media/press-releases/2017/01/20170127-7/,https://www.hkma.gov.hk/media/eng/doc/key-information/press-release/2017/20170127e7a1.pdf,"Total 1 2,507,980 1 2,524,980 ( -0.1) 1 2,390,203 ( 1.0) 1 1,618,441 ( 7.7)",percent,Table 1A / Money Supply / M2 / Total / earlier same month % change,contemporaneous_monthly_release_annex
2017-01,7.9,2017-02-28,https://www.hkma.gov.hk/eng/news-and-media/press-releases/2017/02/20170228-6/,https://www.hkma.gov.hk/media/eng/doc/key-information/press-release/2017/20170228e6a1.pdf,"Total 1 2,701,856 1 2,507,980 ( 1.6) 1 2,445,383 ( 2.1) 1 1,770,067 ( 7.9)",percent,Table 1A / Money Supply / M2 / Total / earlier same month % change,contemporaneous_monthly_release_annex
2017-02,9.7,2017-03-31,https://www.hkma.gov.hk/eng/news-and-media/press-releases/2017/03/20170331-5/,https://www.hkma.gov.hk/media/eng/doc/key-information/press-release/2017/20170331e5a1.pdf,"Total 1 2,800,929 1 2,701,856 ( 0.8) 1 2,524,980 ( 2.2) 1 1,668,399 ( 9.7)",percent,Table 1A / Money Supply / M2 / Total / earlier same month % change,contemporaneous_monthly_release_annex
2017-03,10.1,2017-04-28,https://www.hkma.gov.hk/eng/news-and-media/press-releases/2017/04/20170428-6/,https://www.hkma.gov.hk/media/eng/doc/key-information/press-release/2017/20170428e6a1.pdf,"Total 1 2,928,850 1 2,800,929 ( 1.0) 1 2,507,980 ( 3.4) 1 1,747,635 ( 10.1)",percent,Table 1A / Money Supply / M2 / Total / earlier same month % change,contemporaneous_monthly_release_annex
2017-04,11.2,2017-05-31,https://www.hkma.gov.hk/eng/news-and-media/press-releases/2017/05/20170531-5/,https://www.hkma.gov.hk/media/eng/doc/key-information/press-release/2017/20170531e5a1.pdf,"Total 1 3,069,607 1 2,928,850 ( 1.1) 1 2,701,856 ( 2.9) 1 1,758,279 ( 11.2)",percent,Table 1A / Money Supply / M2 / Total / earlier same month % change,contemporaneous_monthly_release_annex
2017-05,12.8,2017-06-30,https://www.hkma.gov.hk/eng/news-and-media/press-releases/2017/06/20170630-6/,https://www.hkma.gov.hk/media/eng/doc/key-information/press-release/2017/20170630e6a1.pdf,"Total 1 3,187,015 1 3,069,607 ( 0.9) 1 2,800,929 ( 3.0) 1 1,688,544 ( 12.8)",percent,Table 1A / Money Supply / M2 / Total / earlier same month % change,contemporaneous_monthly_release_annex
2017-06,12.9,2017-07-31,https://www.hkma.gov.hk/eng/news-and-media/press-releases/2017/07/20170731-6/,https://www.hkma.gov.hk/media/eng/doc/key-information/press-release/2017/20170731e6a1.pdf,"Total 1 3,314,695 1 3,187,015 ( 1.0) 1 2,928,850 ( 3.0) 1 1,791,318 ( 12.9)",percent,Table 1A / Money Supply / M2 / Total / earlier same month % change,contemporaneous_monthly_release_annex
2017-07,12.2,2017-08-31,https://www.hkma.gov.hk/eng/news-and-media/press-releases/2017/08/20170831-6/,https://www.hkma.gov.hk/media/eng/doc/key-information/press-release/2017/20170831e6a1.pdf,"Total 1 3,461,242 1 3,314,695 ( 1.1) 1 3,069,607 ( 3.0) 1 1,997,819 ( 12.2)",percent,Table 1A / Money Supply / M2 / Total / earlier same month % change,contemporaneous_monthly_release_annex
2017-08,10.8,2017-09-29,https://www.hkma.gov.hk/eng/news-and-media/press-releases/2017/09/20170929-6/,https://www.hkma.gov.hk/media/eng/doc/key-information/press-release/2017/20170929e6a1.xlsx,"['        Total', 13436426.393, 13461241.766, '(', np.float64(-0.18434683390560735), ')', 13187014.878, '(', np.float64(1.89134172750569), ')', 12127442.005, '(', 10.7935736774525, ')']",percent,Table 1A / Money Supply / M2 / Total / earlier same month % change,contemporaneous_monthly_release_annex
2017-09,8.8,2017-10-31,https://www.hkma.gov.hk/eng/news-and-media/press-releases/2017/10/20171031-6/,https://www.hkma.gov.hk/media/eng/doc/key-information/press-release/2017/20171031e6a1.xlsx,"['        Total', 13484438.243, 13436426.393, '(', np.float64(0.35732603741284663), ')', 13314694.559, '(', np.float64(1.2748597667624466), ')', 12390203.375, '(', 8.831452034176166, ')']",percent,Table 1A / Money Supply / M2 / Total / earlier same month % change,contemporaneous_monthly_release_annex
2017-10,12.1,2017-11-30,https://www.hkma.gov.hk/eng/news-and-media/press-releases/2017/11/20171130-6/,https://www.hkma.gov.hk/media/eng/doc/key-information/press-release/2017/20171130e6a1.xlsx,"['        Total', 13951534.824, 13484438.243, '(', np.float64(3.4639676683786007), ')', 13461241.766, '(', np.float64(3.6422572785102574), ')', 12445383.185, '(', 12.102091326648036, ')']",percent,Table 1A / Money Supply / M2 / Total / earlier same month % change,contemporaneous_monthly_release_annex
2017-11,9.1,2017-12-29,https://www.hkma.gov.hk/eng/news-and-media/press-releases/2017/12/20171229-7/,https://www.hkma.gov.hk/media/eng/doc/key-information/press-release/2017/20171229e7a1.xlsx,"['        Total', 13667144.018, 13951534.824, '(', np.float64(-2.0384194971206995), ')', 13436426.393, '(', np.float64(1.717105562534087), ')', 12524980.342, '(', 9.11908557788297, ')']",percent,Table 1A / Money Supply / M2 / Total / earlier same month % change,contemporaneous_monthly_release_annex
2017-12,10.0,2018-01-31,https://www.hkma.gov.hk/eng/news-and-media/press-releases/2018/01/20180131-5/,https://www.hkma.gov.hk/media/eng/doc/key-information/press-release/2018/20180131e5a1.xlsx,"['        Total', 13755255.49, 13667144.018, '(', np.float64(0.6446955697836785), ')', 13484438.243, '(', np.float64(2.008368773838882), ')', 12508126.596, '(', 9.970549022095938, ')']",percent,Table 1A / Money Supply / M2 / Total / earlier same month % change,contemporaneous_monthly_release_annex
2018-01,11.0,2018-02-28,https://www.hkma.gov.hk/eng/news-and-media/press-releases/2018/02/20180228-6/,https://www.hkma.gov.hk/media/eng/doc/key-information/press-release/2018/20180228e6a1.xlsx,"['        Total', 14101184.083, 13755255.49, '(', np.float64(2.5148830805177766), ')', 13951534.824, '(', np.float64(1.072636529871744), ')', 12701856.362, '(', 11.016718195510023, ')']",percent,Table 1A / Money Supply / M2 / Total / earlier same month % change,contemporaneous_monthly_release_annex
2018-02,9.4,2018-03-29,https://www.hkma.gov.hk/eng/news-and-media/press-releases/2018/03/20180329-5/,https://www.hkma.gov.hk/media/eng/doc/key-information/press-release/2018/20180329e5a1.xlsx,"['        Total', 14000174.534, 14101184.083, '(', np.float64(-0.7163196253978157), ')', 13667144.018, '(', np.float64(2.436723543422019), ')', 12800929.155, '(', 9.368424467309694, ')']",percent,Table 1A / Money Supply / M2 / Total / earlier same month % change,contemporaneous_monthly_release_annex
2018-03,7.8,2018-04-30,https://www.hkma.gov.hk/eng/news-and-media/press-releases/2018/04/20180430-8/,https://www.hkma.gov.hk/media/eng/doc/key-information/press-release/2018/20180430e8a1.xlsx,"['        Total', 13935533.718, 14000174.534, '(', np.float64(-0.4617143582247252), ')', 13755255.49, '(', np.float64(1.3106134461192624), ')', 12928849.635, '(', 7.78633916721239, ')']",percent,Table 1A / Money Supply / M2 / Total / earlier same month % change,contemporaneous_monthly_release_annex
2018-04,9.8,2018-05-31,https://www.hkma.gov.hk/eng/news-and-media/press-releases/2018/05/20180531-6/,https://www.hkma.gov.hk/media/eng/doc/key-information/press-release/2018/20180531e6a1.xlsx,"['        Total', 14348181.167, 13935533.718, '(', np.float64(2.9611169356721376), ')', 14101184.083, '(', np.float64(1.7516052733314211), ')', 13069607.281, '(', 9.782802639056598, ')']",percent,Table 1A / Money Supply / M2 / Total / earlier same month % change,contemporaneous_monthly_release_annex
2018-05,6.2,2018-06-29,https://www.hkma.gov.hk/eng/news-and-media/press-releases/2018/06/20180629-6/,https://www.hkma.gov.hk/media/eng/doc/key-information/press-release/2018/20180629e6a1.xlsx,"['        Total', 14009102.772, 14348181.167, '(', np.float64(-2.3632151772648484), ')', 14000174.534, '(', np.float64(0.06377233353995848), ')', 13187014.878, '(', 6.234071179911197, ')']",percent,Table 1A / Money Supply / M2 / Total / earlier same month % change,contemporaneous_monthly_release_annex
2018-06,5.0,2018-07-31,https://www.hkma.gov.hk/eng/news-and-media/press-releases/2018/07/20180731-8/,https://www.hkma.gov.hk/media/eng/doc/key-information/press-release/2018/20180731e8a1.xlsx,"['        Total', 13979948.259, 14009102.772, '(', np.float64(-0.20811120793740656), ')', 13935533.718, '(', np.float64(0.3187143162133026), ')', 13314694.559, '(', 4.996387240068728, ')']",percent,Table 1A / Money Supply / M2 / Total / earlier same month % change,contemporaneous_monthly_release_annex
2018-07,3.9,2018-08-31,https://www.hkma.gov.hk/eng/news-and-media/press-releases/2018/08/20180831-7/,https://www.hkma.gov.hk/media/eng/doc/key-information/press-release/2018/20180831e7a1.xlsx,"['        Total', 13985838.541, 13979948.259, '(', np.float64(0.042133789702745617), ')', 14348181.167, '(', np.float64(-2.525355804911129), ')', 13461241.766, '(', 3.897090507095797, ')']",percent,Table 1A / Money Supply / M2 / Total / earlier same month % change,contemporaneous_monthly_release_annex
2018-08,4.7,2018-09-28,https://www.hkma.gov.hk/eng/news-and-media/press-releases/2018/09/20180928-9/,https://www.hkma.gov.hk/media/eng/doc/key-information/press-release/2018/20180928e9a1.xlsx,"['        Total', 14063515.226, 13985838.541, '(', np.float64(0.5553952648050995), ')', 14009102.772, '(', np.float64(0.38840784371112136), ')', 13436426.393, '(', 4.667080477043342, ')']",percent,Table 1A / Money Supply / M2 / Total / earlier same month % change,contemporaneous_monthly_release_annex
2018-09,4.7,2018-10-31,https://www.hkma.gov.hk/eng/news-and-media/press-releases/2018/10/20181031-5/,https://www.hkma.gov.hk/media/eng/doc/key-information/press-release/2018/20181031e5a1.xlsx,"['        Total', 14116664.337, 14063515.226, '(', np.float64(0.377921950137619), ')', 13979948.259, '(', np.float64(0.9779440915454387), ')', 13484438.243, '(', 4.688560862579493, ')']",percent,Table 1A / Money Supply / M2 / Total / earlier same month % change,contemporaneous_monthly_release_annex
2018-10,1.0,2018-11-30,https://www.hkma.gov.hk/eng/news-and-media/press-releases/2018/11/20181130-6/,https://www.hkma.gov.hk/media/eng/doc/key-information/press-release/2018/20181130e6a1.xlsx,"['        Total', 14097323.019, 14116664.337, '(', -0.13701053973002786, ')', 13985838.541, '(', 0.7971240170775644, ')', 13951534.824, '(', 1.044961696609974, ')']",percent,Table 1A / Money Supply / M2 / Total / earlier same month % change,contemporaneous_monthly_release_annex
2018-11,3.5,2018-12-31,https://www.hkma.gov.hk/eng/news-and-media/press-releases/2018/12/20181231-4/,https://www.hkma.gov.hk/media/eng/doc/key-information/press-release/2018/20181231e4a1.pdf,"Total 1 4,138,972 1 4,097,323 ( 0.3) 1 4,063,515 ( 0.5) 1 3,667,144 ( 3.5)",percent,Table 1A / Money Supply / M2 / Total / earlier same month % change,contemporaneous_monthly_release_annex
2018-12,4.3,2019-01-31,https://www.hkma.gov.hk/eng/news-and-media/press-releases/2019/01/20190131-8/,https://www.hkma.gov.hk/media/eng/doc/key-information/press-release/2019/20190131e8a1.pdf,"Total 1 4,348,059 1 4,138,972 ( 1.5) 1 4,116,664 ( 1.6) 1 3,755,255 ( 4.3)",percent,Table 1A / Money Supply / M2 / Total / earlier same month % change,contemporaneous_monthly_release_annex
2019-01,2.4,2019-02-28,https://www.hkma.gov.hk/eng/news-and-media/press-releases/2019/02/20190228-6/,https://www.hkma.gov.hk/media/eng/doc/key-information/press-release/2019/20190228e6a1.pdf,"Total 1 4,441,805 1 4,348,059 ( 0.7) 1 4,097,323 ( 2.4) 1 4,101,184 ( 2.4)",percent,Table 1A / Money Supply / M2 / Total / earlier same month % change,contemporaneous_monthly_release_annex
2019-02,3.2,2019-03-29,https://www.hkma.gov.hk/eng/news-and-media/press-releases/2019/03/20190329-7/,https://www.hkma.gov.hk/media/eng/doc/key-information/press-release/2019/20190329e7a1.pdf,"Total 1 4,452,340 1 4,441,805 ( 0.1) 1 4,138,972 ( 2.2) 1 4,000,175 ( 3.2)",percent,Table 1A / Money Supply / M2 / Total / earlier same month % change,contemporaneous_monthly_release_annex
2019-03,3.9,2019-04-30,https://www.hkma.gov.hk/eng/news-and-media/press-releases/2019/04/20190430-8/,https://www.hkma.gov.hk/media/eng/doc/key-information/press-release/2019/20190430e8a1.pdf,"Total 1 4,485,182 1 4,452,340 ( 0.2) 1 4,348,059 ( 1.0) 1 3,935,534 ( 3.9)",percent,Table 1A / Money Supply / M2 / Total / earlier same month % change,contemporaneous_monthly_release_annex
2019-04,2.1,2019-05-31,https://www.hkma.gov.hk/eng/news-and-media/press-releases/2019/05/20190531-8/,https://www.hkma.gov.hk/media/eng/doc/key-information/press-release/2019/20190531e8a1.pdf,"Total 1 4,642,760 1 4,485,182 ( 1.1) 1 4,441,805 ( 1.4) 1 4,348,181 ( 2.1)",percent,Table 1A / Money Supply / M2 / Total / earlier same month % change,contemporaneous_monthly_release_annex
2019-05,3.7,2019-06-28,https://www.hkma.gov.hk/eng/news-and-media/press-releases/2019/06/20190628-9/,https://www.hkma.gov.hk/media/eng/doc/key-information/press-release/2019/20190628e9a1.pdf,"Total 1 4,522,623 1 4,642,760 ( -0.8) 1 4,452,340 ( 0.5) 1 4,009,103 ( 3.7)",percent,Table 1A / Money Supply / M2 / Total / earlier same month % change,contemporaneous_monthly_release_annex
2019-06,4.0,2019-07-31,https://www.hkma.gov.hk/eng/news-and-media/press-releases/2019/07/20190731-8/,https://www.hkma.gov.hk/media/eng/doc/key-information/press-release/2019/20190731e8a1.pdf,"Total 1 4,536,903 1 4,522,623 ( 0.1) 1 4,485,182 ( 0.4) 1 3,979,948 ( 4.0)",percent,Table 1A / Money Supply / M2 / Total / earlier same month % change,contemporaneous_monthly_release_annex
2019-07,3.8,2019-08-30,https://www.hkma.gov.hk/eng/news-and-media/press-releases/2019/08/20190830-6/,https://www.hkma.gov.hk/media/eng/doc/key-information/press-release/2019/20190830e6a1.pdf,"Total 1 4,512,463 1 4,536,903 ( -0.2 ) 1 4,642,760 ( -0.9 ) 1 3,985,839 ( 3.8 )",percent,Table 1A / Money Supply / M2 / Total / earlier same month % change,contemporaneous_monthly_release_annex
2019-08,3.3,2019-09-30,https://www.hkma.gov.hk/eng/news-and-media/press-releases/2019/09/20190930-7/,https://www.hkma.gov.hk/media/eng/doc/key-information/press-release/2019/20190930e7a1.pdf,"Total 1 4,532,385 1 4,512,463 ( 0.1 ) 1 4,522,623 ( 0.1 ) 1 4,063,515 ( 3.3 )",percent,Table 1A / Money Supply / M2 / Total / earlier same month % change,contemporaneous_monthly_release_annex
2019-09,2.8,2019-10-31,https://www.hkma.gov.hk/eng/news-and-media/press-releases/2019/10/20191031-8/,https://www.hkma.gov.hk/media/eng/doc/key-information/press-release/2019/20191031e8a1.pdf,"Total 1 4,507,927 1 4,532,385 ( -0.2 ) 1 4,536,903 ( -0.2 ) 1 4,116,664 ( 2.8 )",percent,Table 1A / Money Supply / M2 / Total / earlier same month % change,contemporaneous_monthly_release_annex
2019-10,4.1,2019-11-29,https://www.hkma.gov.hk/eng/news-and-media/press-releases/2019/11/20191129-6/,https://www.hkma.gov.hk/media/eng/doc/key-information/press-release/2019/20191129e6a1.pdf,"Total 1 4,674,285 1 4,507,927 ( 1.1 ) 1 4,512,463 ( 1.1 ) 1 4,097,323 ( 4.1 )",percent,Table 1A / Money Supply / M2 / Total / earlier same month % change,contemporaneous_monthly_release_annex
2019-11,4.4,2019-12-31,https://www.hkma.gov.hk/eng/news-and-media/press-releases/2019/12/20191231-6/,https://www.hkma.gov.hk/media/eng/doc/key-information/press-release/2019/20191231e6a1.pdf,"Total 1 4,766,345 1 4,674,285 ( 0.6 ) 1 4,532,385 ( 1.6 ) 1 4,138,972 ( 4.4 )",percent,Table 1A / Money Supply / M2 / Total / earlier same month % change,contemporaneous_monthly_release_annex
2019-12,2.8,2020-01-31,https://www.hkma.gov.hk/eng/news-and-media/press-releases/2020/01/20200131-7/,https://www.hkma.gov.hk/media/eng/doc/key-information/press-release/2020/20200131e7a1.pdf,"Total 1 4,745,872 1 4,766,345 ( -0.1 ) 1 4,507,927 ( 1.6 ) 1 4,348,059 ( 2.8 )",percent,Table 1A / Money Supply / M2 / Total / earlier same month % change,contemporaneous_monthly_release_annex
2020-01,2.3,2020-02-28,https://www.hkma.gov.hk/eng/news-and-media/press-releases/2020/02/20200228-7/,https://www.hkma.gov.hk/media/eng/doc/key-information/press-release/2020/20200228e7a1.pdf,"Total 1 4,776,461 1 4,745,872 ( 0.2 ) 1 4,674,285 ( 0.7 ) 1 4,441,805 ( 2.3 )",percent,Table 1A / Money Supply / M2 / Total / earlier same month % change,contemporaneous_monthly_release_annex
2020-02,2.3,2020-03-31,https://www.hkma.gov.hk/eng/news-and-media/press-releases/2020/03/20200331-6/,https://www.hkma.gov.hk/media/eng/doc/key-information/press-release/2020/20200331e6a1.pdf,"Total 1 4,785,879 1 4,776,461 ( 0.1 ) 1 4,766,345 ( 0.1 ) 1 4,452,340 ( 2.3 )",percent,Table 1A / Money Supply / M2 / Total / earlier same month % change,contemporaneous_monthly_release_annex
2020-03,2.2,2020-04-29,https://www.hkma.gov.hk/eng/news-and-media/press-releases/2020/04/20200429-7/,https://www.hkma.gov.hk/media/eng/doc/key-information/press-release/2020/20200429e7a1.pdf,"Total 1 4,799,948 1 4,785,880 ( 0.1 ) 1 4,745,872 ( 0.4 ) 1 4,485,182 ( 2.2 )",percent,Table 1A / Money Supply / M2 / Total / earlier same month % change,contemporaneous_monthly_release_annex
2020-04,2.0,2020-05-29,https://www.hkma.gov.hk/eng/news-and-media/press-releases/2020/05/20200529-6/,https://www.hkma.gov.hk/media/eng/doc/key-information/press-release/2020/20200529e6a1.pdf,"Total 1 4,937,923 1 4,803,474 ( 0.9 ) 1 4,776,461 ( 1.1 ) 1 4,642,760 ( 2.0 )",percent,Table 1A / Money Supply / M2 / Total / earlier same month % change,contemporaneous_monthly_release_annex
2020-05,2.4,2020-06-30,https://www.hkma.gov.hk/eng/news-and-media/press-releases/2020/06/20200630-9/,https://www.hkma.gov.hk/media/eng/doc/key-information/press-release/2020/20200630e9a1.pdf,"Total 1 4,875,530 1 4,937,923 ( -0.4 ) 1 4,785,880 ( 0.6 ) 1 4,522,623 ( 2.4 )",percent,Table 1A / Money Supply / M2 / Total / earlier same month % change,contemporaneous_monthly_release_annex
2020-06,3.9,2020-07-31,https://www.hkma.gov.hk/eng/news-and-media/press-releases/2020/07/20200731-8/,https://www.hkma.gov.hk/media/eng/doc/key-information/press-release/2020/20200731e8a1.pdf,"Total 1 5,102,579 1 4,875,530 ( 1.5 ) 1 4,803,474 ( 2.0 ) 1 4,536,903 ( 3.9 )",percent,Table 1A / Money Supply / M2 / Total / earlier same month % change,contemporaneous_monthly_release_annex
2020-07,6.7,2020-08-31,https://www.hkma.gov.hk/eng/news-and-media/press-releases/2020/08/20200831-7/,https://www.hkma.gov.hk/media/eng/doc/key-information/press-release/2020/20200831e7a1.pdf,"Total 1 5,491,167 1 5,102,579 ( 2.6 ) 1 4,937,923 ( 3.7 ) 1 4,512,463 ( 6.7 )",percent,Table 1A / Money Supply / M2 / Total / earlier same month % change,contemporaneous_monthly_release_annex
2020-08,9.2,2020-09-30,https://www.hkma.gov.hk/eng/news-and-media/press-releases/2020/09/20200930-6/,https://www.hkma.gov.hk/media/eng/doc/key-information/press-release/2020/20200930e6a1.pdf,"Total 1 5,873,041 1 5,491,167 ( 2.5 ) 1 4,875,530 ( 6.7 ) 1 4,532,385 ( 9.2 )",percent,Table 1A / Money Supply / M2 / Total / earlier same month % change,contemporaneous_monthly_release_annex
2020-09,9.2,2020-10-30,https://www.hkma.gov.hk/eng/news-and-media/press-releases/2020/10/20201030-7/,https://www.hkma.gov.hk/media/eng/doc/key-information/press-release/2020/20201030e7a1.pdf,"Total 1 5,845,097 1 5,873,041 ( -0.2 ) 1 5,102,579 ( 4.9 ) 1 4,507,927 ( 9.2 )",percent,Table 1A / Money Supply / M2 / Total / earlier same month % change,contemporaneous_monthly_release_annex
2020-10,14.4,2020-11-30,https://www.hkma.gov.hk/eng/news-and-media/press-releases/2020/11/20201130-7/,https://www.hkma.gov.hk/media/eng/doc/key-information/press-release/2020/20201130e7a1.pdf,"Total 1 6,780,417 1 5,845,097 ( 5.9 ) 1 5,491,167 ( 8.3 ) 1 4,674,285 ( 14.4 )",percent,Table 1A / Money Supply / M2 / Total / earlier same month % change,contemporaneous_monthly_release_annex
2020-11,6.6,2020-12-31,https://www.hkma.gov.hk/eng/news-and-media/press-releases/2020/12/20201231-7/,https://www.hkma.gov.hk/media/eng/doc/key-information/press-release/2020/20201231e7a1.pdf,"Total 1 5,736,733 1 6,783,519 ( -6.2 ) 1 5,873,041 ( -0.9 ) 1 4,766,345 ( 6.6 )",percent,Table 1A / Money Supply / M2 / Total / earlier same month % change,contemporaneous_monthly_release_annex
2020-12,5.8,2021-01-29,https://www.hkma.gov.hk/eng/news-and-media/press-releases/2021/01/20210129-7/,https://www.hkma.gov.hk/media/eng/doc/key-information/press-release/2021/20210129e7a1.pdf,"Total 1 5,606,608 1 5,736,733 ( -0.8 ) 1 5,845,097 ( -1.5 ) 1 4,745,872 ( 5.8 )",percent,Table 1A / Money Supply / M2 / Total / earlier same month % change,contemporaneous_monthly_release_annex
2021-01,15.2,2021-02-26,https://www.hkma.gov.hk/eng/news-and-media/press-releases/2021/02/20210226-6/,https://www.hkma.gov.hk/media/eng/doc/key-information/press-release/2021/20210226e6a1.pdf,"Total 1 7,018,057 1 5,606,608 ( 9.0 ) 1 6,783,519 ( 1.4 ) 1 4,776,461 ( 15.2 )",percent,Table 1A / Money Supply / M2 / Total / earlier same month % change,contemporaneous_monthly_release_annex
2021-02,7.6,2021-03-31,https://www.hkma.gov.hk/eng/news-and-media/press-releases/2021/03/20210331-6/,https://www.hkma.gov.hk/media/eng/doc/key-information/press-release/2021/20210331e6a1.pdf,"Total 1 5,912,167 1 7,018,057 ( -6.5 ) 1 5,736,733 ( 1.1 ) 1 4,785,880 ( 7.6 )",percent,Table 1A / Money Supply / M2 / Total / earlier same month % change,contemporaneous_monthly_release_annex
2021-03,6.5,2021-04-30,https://www.hkma.gov.hk/eng/news-and-media/press-releases/2021/04/20210430-7/,https://www.hkma.gov.hk/media/eng/doc/key-information/press-release/2021/20210430e7a1.pdf,"Total 1 5,760,021 1 5,912,167 ( -1.0 ) 1 5,606,608 ( 1.0 ) 1 4,803,474 ( 6.5 )",percent,Table 1A / Money Supply / M2 / Total / earlier same month % change,contemporaneous_monthly_release_annex
2021-04,5.6,2021-05-31,https://www.hkma.gov.hk/eng/news-and-media/press-releases/2021/05/20210531-8/,https://www.hkma.gov.hk/media/eng/doc/key-information/press-release/2021/20210531e8a1.pdf,"Total 1 5,770,275 1 5,760,021 ( 0.1 ) 1 7,018,057 ( -7.3 ) 1 4,937,923 ( 5.6 )",percent,Table 1A / Money Supply / M2 / Total / earlier same month % change,contemporaneous_monthly_release_annex
2021-05,7.1,2021-06-30,https://www.hkma.gov.hk/eng/news-and-media/press-releases/2021/06/20210630-8/,https://www.hkma.gov.hk/media/eng/doc/key-information/press-release/2021/20210630e8a1.pdf,"Total 1 5,933,502 1 5,770,275 ( 1.0 ) 1 5,912,167 ( 0.1 ) 1 4,875,530 ( 7.1 )",percent,Table 1A / Money Supply / M2 / Total / earlier same month % change,contemporaneous_monthly_release_annex
2021-06,7.5,2021-07-30,https://www.hkma.gov.hk/eng/news-and-media/press-releases/2021/07/20210730-8/,https://www.hkma.gov.hk/media/eng/doc/key-information/press-release/2021/20210730e8a1.pdf,"Total 1 6,231,151 1 5,933,502 ( 1.9 ) 1 5,760,021 ( 3.0 ) 1 5,102,579 ( 7.5 )",percent,Table 1A / Money Supply / M2 / Total / earlier same month % change,contemporaneous_monthly_release_annex
2021-07,3.0,2021-08-31,https://www.hkma.gov.hk/eng/news-and-media/press-releases/2021/08/20210831-7/,https://www.hkma.gov.hk/media/eng/doc/key-information/press-release/2021/20210831e7a1.pdf,"Total 1 5,960,012 1 6,231,151 ( -1.7 ) 1 5,770,275 ( 1.2 ) 1 5,491,167 ( 3.0 )",percent,Table 1A / Money Supply / M2 / Total / earlier same month % change,contemporaneous_monthly_release_annex
2021-08,0.4,2021-09-30,https://www.hkma.gov.hk/eng/news-and-media/press-releases/2021/09/20210930-7/,https://www.hkma.gov.hk/media/eng/doc/key-information/press-release/2021/20210930e7a1.pdf,"Total 1 5,940,332 1 5,960,012 ( -0.1 ) 1 5,933,502 ( 0.0 ) 1 5,873,041 ( 0.4 )",percent,Table 1A / Money Supply / M2 / Total / earlier same month % change,contemporaneous_monthly_release_annex
2021-09,1.4,2021-10-29,https://www.hkma.gov.hk/eng/news-and-media/press-releases/2021/10/20211029-9/,https://www.hkma.gov.hk/media/eng/doc/key-information/press-release/2021/20211029e9a1.pdf,"Total 1 6,065,611 1 5,940,332 ( 0.8 ) 1 6,231,151 ( -1.0 ) 1 5,845,097 ( 1.4 )",percent,Table 1A / Money Supply / M2 / Total / earlier same month % change,contemporaneous_monthly_release_annex
2021-10,-4.3,2021-11-30,https://www.hkma.gov.hk/eng/news-and-media/press-releases/2021/11/20211130-9/,https://www.hkma.gov.hk/media/eng/doc/key-information/press-release/2021/20211130e9a1.pdf,"Total 1 6,068,528 1 6,065,611 ( 0.0 ) 1 5,960,012 ( 0.7 ) 1 6,783,519 ( -4.3 )",percent,Table 1A / Money Supply / M2 / Total / earlier same month % change,contemporaneous_monthly_release_annex
2021-11,2.9,2021-12-31,https://www.hkma.gov.hk/eng/news-and-media/press-releases/2021/12/20211231-6/,https://www.hkma.gov.hk/media/eng/doc/key-information/press-release/2021/20211231e6a1.pdf,"Total 1 6,193,358 1 6,068,528 ( 0.8 ) 1 5,940,332 ( 1.6 ) 1 5,736,733 ( 2.9 )",percent,Table 1A / Money Supply / M2 / Total / earlier same month % change,contemporaneous_monthly_release_annex
2021-12,4.3,2022-01-31,https://www.hkma.gov.hk/eng/news-and-media/press-releases/2022/01/20220131-10/,https://www.hkma.gov.hk/media/eng/doc/key-information/press-release/2022/20220131e10a1.pdf,"Total 1 6,272,650 1 6,193,358 ( 0.5 ) 1 6,065,611 ( 1.3 ) 1 5,606,608 ( 4.3 )",percent,Table 1A / Money Supply / M2 / Total / earlier same month % change,contemporaneous_monthly_release_annex
2022-01,-2.0,2022-02-28,https://www.hkma.gov.hk/eng/news-and-media/press-releases/2022/02/20220228-6/,https://www.hkma.gov.hk/media/eng/doc/key-information/press-release/2022/20220228e6a1.pdf,"Total 1 6,677,459 1 6,272,650 ( 2.5 ) 1 6,068,528 ( 3.8 ) 1 7,018,057 ( -2.0 )",percent,Table 1A / Money Supply / M2 / Total / earlier same month % change,contemporaneous_monthly_release_annex
2022-02,3.6,2022-03-31,https://www.hkma.gov.hk/eng/news-and-media/press-releases/2022/03/20220331-6/,https://www.hkma.gov.hk/media/eng/doc/key-information/press-release/2022/20220331e6a1.pdf,"Total 1 6,478,436 1 6,677,459 ( -1.2 ) 1 6,193,358 ( 1.8 ) 1 5,912,167 ( 3.6 )",percent,Table 1A / Money Supply / M2 / Total / earlier same month % change,contemporaneous_monthly_release_annex
2022-03,4.0,2022-04-29,https://www.hkma.gov.hk/eng/news-and-media/press-releases/2022/04/20220429-7/,https://www.hkma.gov.hk/media/eng/doc/key-information/press-release/2022/20220429e7a1.pdf,"Total 1 6,393,669 1 6,478,436 ( -0.5 ) 1 6,272,650 ( 0.7 ) 1 5,760,021 ( 4.0 )",percent,Table 1A / Money Supply / M2 / Total / earlier same month % change,contemporaneous_monthly_release_annex
2022-04,3.7,2022-05-31,https://www.hkma.gov.hk/eng/news-and-media/press-releases/2022/05/20220531-8/,https://www.hkma.gov.hk/media/eng/doc/key-information/press-release/2022/20220531e8a1.pdf,"Total 1 6,348,744 1 6,393,669 ( -0.3 ) 1 6,677,459 ( -2.0 ) 1 5,770,275 ( 3.7 )",percent,Table 1A / Money Supply / M2 / Total / earlier same month % change,contemporaneous_monthly_release_annex
2022-05,1.9,2022-06-30,https://www.hkma.gov.hk/eng/news-and-media/press-releases/2022/06/20220630-6/,https://www.hkma.gov.hk/media/eng/doc/key-information/press-release/2022/20220630e6a1.pdf,"Total 1 6,237,250 1 6,348,744 ( -0.7 ) 1 6,478,436 ( -1.5 ) 1 5,933,502 ( 1.9 )",percent,Table 1A / Money Supply / M2 / Total / earlier same month % change,contemporaneous_monthly_release_annex
2022-06,0.4,2022-07-29,https://www.hkma.gov.hk/eng/news-and-media/press-releases/2022/07/20220729-7/,https://www.hkma.gov.hk/media/eng/doc/key-information/press-release/2022/20220729e7a1.pdf,"Total 1 6,303,463 1 6,237,250 ( 0.4 ) 1 6,393,669 ( -0.6 ) 1 6,231,151 ( 0.4 )",percent,Table 1A / Money Supply / M2 / Total / earlier same month % change,contemporaneous_monthly_release_annex
2022-07,2.4,2022-08-31,https://www.hkma.gov.hk/eng/news-and-media/press-releases/2022/08/20220831-7/,https://www.hkma.gov.hk/media/eng/doc/key-information/press-release/2022/20220831e7a1.pdf,"Total 1 6,342,580 1 6,303,463 ( 0.2 ) 1 6,348,744 ( 0.0 ) 1 5,960,012 ( 2.4 )",percent,Table 1A / Money Supply / M2 / Total / earlier same month % change,contemporaneous_monthly_release_annex
2022-08,2.5,2022-09-30,https://www.hkma.gov.hk/eng/news-and-media/press-releases/2022/09/20220930-6/,https://www.hkma.gov.hk/media/eng/doc/key-information/press-release/2022/20220930e6a1.pdf,"Total 1 6,338,978 1 6,342,580 ( 0.0 ) 1 6,237,250 ( 0.6 ) 1 5,940,332 ( 2.5 )",percent,Table 1A / Money Supply / M2 / Total / earlier same month % change,contemporaneous_monthly_release_annex
2022-09,1.6,2022-10-31,https://www.hkma.gov.hk/eng/news-and-media/press-releases/2022/10/20221031-8/,https://www.hkma.gov.hk/media/eng/doc/key-information/press-release/2022/20221031e8a1.pdf,"Total 1 6,329,801 1 6,338,978 ( -0.1 ) 1 6,303,463 ( 0.2 ) 1 6,065,611 ( 1.6 )",percent,Table 1A / Money Supply / M2 / Total / earlier same month % change,contemporaneous_monthly_release_annex
2022-10,1.2,2022-11-30,https://www.hkma.gov.hk/eng/news-and-media/press-releases/2022/11/20221130-6/,https://www.hkma.gov.hk/media/eng/doc/key-information/press-release/2022/20221130e6a1.pdf,"Total 1 6,264,316 1 6,329,801 ( -0.4 ) 1 6,342,580 ( -0.5 ) 1 6,068,528 ( 1.2 )",percent,Table 1A / Money Supply / M2 / Total / earlier same month % change,contemporaneous_monthly_release_annex
2022-11,1.3,2022-12-30,https://www.hkma.gov.hk/eng/news-and-media/press-releases/2022/12/20221230-6/,https://www.hkma.gov.hk/media/eng/doc/key-information/press-release/2022/20221230e6a1.pdf,"Total 1 6,408,122 1 6,264,316 ( 0.9 ) 1 6,338,978 ( 0.4 ) 1 6,193,358 ( 1.3 )",percent,Table 1A / Money Supply / M2 / Total / earlier same month % change,contemporaneous_monthly_release_annex
2022-12,1.6,2023-01-31,https://www.hkma.gov.hk/eng/news-and-media/press-releases/2023/01/20230131-10/,https://www.hkma.gov.hk/media/eng/doc/key-information/press-release/2023/20230131e10a1.pdf,"Total 1 6,536,077 1 6,408,122 ( 0.8 ) 1 6,332,813 ( 1.2 ) 1 6,272,650 ( 1.6 )",percent,Table 1A / Money Supply / M2 / Total / earlier same month % change,contemporaneous_monthly_release_annex
2023-01,0.5,2023-02-28,https://www.hkma.gov.hk/eng/news-and-media/press-releases/2023/02/20230228-7/,https://www.hkma.gov.hk/media/eng/doc/key-information/press-release/2023/20230228e7a1.pdf,"Total 1 6,757,032 1 6,536,077 ( 1.3 ) 1 6,264,316 ( 3.0 ) 1 6,677,459 ( 0.5 )",percent,Table 1A / Money Supply / M2 / Total / earlier same month % change,contemporaneous_monthly_release_annex
2023-02,0.0,2023-03-31,https://www.hkma.gov.hk/eng/news-and-media/press-releases/2023/03/20230331-7/,https://www.hkma.gov.hk/media/eng/doc/key-information/press-release/2023/20230331e7a1.pdf,"Total 1 6,478,362 1 6,757,032 ( -1.7 ) 1 6,408,122 ( 0.4 ) 1 6,478,436 ( 0.0 )",percent,Table 1A / Money Supply / M2 / Total / earlier same month % change,contemporaneous_monthly_release_annex
2023-03,1.4,2023-04-28,https://www.hkma.gov.hk/eng/news-and-media/press-releases/2023/04/20230428-8/,https://www.hkma.gov.hk/media/eng/doc/key-information/press-release/2023/20230428e8a1.pdf,"Total 1 6,619,681 1 6,478,362 ( 0.9 ) 1 6,536,080 ( 0.5 ) 1 6,393,669 ( 1.4 )",percent,Table 1A / Money Supply / M2 / Total / earlier same month % change,contemporaneous_monthly_release_annex
2023-04,1.7,2023-05-31,https://www.hkma.gov.hk/eng/news-and-media/press-releases/2023/05/20230531-7/,https://www.hkma.gov.hk/media/eng/doc/key-information/press-release/2023/20230531e7a1.pdf,"Total 1 6,630,912 1 6,619,681 ( 0.1 ) 1 6,757,032 ( -0.8 ) 1 6,348,744 ( 1.7 )",percent,Table 1A / Money Supply / M2 / Total / earlier same month % change,contemporaneous_monthly_release_annex
2023-05,1.5,2023-06-30,https://www.hkma.gov.hk/eng/news-and-media/press-releases/2023/06/20230630-7/,https://www.hkma.gov.hk/media/eng/doc/key-information/press-release/2023/20230630e7a1.pdf,"Total 1 6,481,548 1 6,630,912 ( -0.9 ) 1 6,478,362 ( 0.0 ) 1 6,237,250 ( 1.5 )",percent,Table 1A / Money Supply / M2 / Total / earlier same month % change,contemporaneous_monthly_release_annex
2023-06,1.5,2023-07-31,https://www.hkma.gov.hk/eng/news-and-media/press-releases/2023/07/20230731-9/,https://www.hkma.gov.hk/media/eng/doc/key-information/press-release/2023/20230731e9a1.pdf,"Total 1 6,552,573 1 6,481,548 ( 0.4 ) 1 6,619,681 ( -0.4 ) 1 6,303,463 ( 1.5 )",percent,Table 1A / Money Supply / M2 / Total / earlier same month % change,contemporaneous_monthly_release_annex
2023-07,2.3,2023-08-31,https://www.hkma.gov.hk/eng/news-and-media/press-releases/2023/08/20230831-9/,https://www.hkma.gov.hk/media/eng/doc/key-information/press-release/2023/20230831e9a1.pdf,"Total 1 6,718,399 1 6,552,573 ( 1.0 ) 1 6,630,912 ( 0.5 ) 1 6,342,580 ( 2.3 )",percent,Table 1A / Money Supply / M2 / Total / earlier same month % change,contemporaneous_monthly_release_annex
2023-08,2.8,2023-09-29,https://www.hkma.gov.hk/eng/news-and-media/press-releases/2023/09/20230929-7/,https://www.hkma.gov.hk/media/eng/doc/key-information/press-release/2023/20230929e7a1.pdf,"Total 1 6,791,234 1 6,718,399 ( 0.4 ) 1 6,481,548 ( 1.9 ) 1 6,338,978 ( 2.8 )",percent,Table 1A / Money Supply / M2 / Total / earlier same month % change,contemporaneous_monthly_release_annex
2023-09,2.8,2023-10-31,https://www.hkma.gov.hk/eng/news-and-media/press-releases/2023/10/20231031-8/,https://www.hkma.gov.hk/media/eng/doc/key-information/press-release/2023/20231031e8a1.pdf,"Total 1 6,785,739 1 6,791,234 ( 0.0 ) 1 6,552,573 ( 1.4 ) 1 6,332,813 ( 2.8 )",percent,Table 1A / Money Supply / M2 / Total / earlier same month % change,contemporaneous_monthly_release_annex
2023-10,3.3,2023-11-30,https://www.hkma.gov.hk/eng/news-and-media/press-releases/2023/11/20231130-6/,https://www.hkma.gov.hk/media/eng/doc/key-information/press-release/2023/20231130e6a1.pdf,"Total 1 6,796,032 1 6,785,739 ( 0.1 ) 1 6,718,399 ( 0.5 ) 1 6,264,316 ( 3.3 )",percent,Table 1A / Money Supply / M2 / Total / earlier same month % change,contemporaneous_monthly_release_annex
2023-11,4.0,2023-12-29,https://www.hkma.gov.hk/eng/news-and-media/press-releases/2023/12/20231229-7/,https://www.hkma.gov.hk/media/eng/doc/key-information/press-release/2023/20231229e7a1.pdf,"Total 1 7,059,159 1 6,796,032 ( 1.6 ) 1 6,791,234 ( 1.6 ) 1 6,408,122 ( 4.0 )",percent,Table 1A / Money Supply / M2 / Total / earlier same month % change,contemporaneous_monthly_release_annex
2023-12,4.0,2024-01-31,https://www.hkma.gov.hk/eng/news-and-media/press-releases/2024/01/20240131-7/,https://www.hkma.gov.hk/media/eng/doc/key-information/press-release/2024/20240131e7a1.pdf,"Total 1 7,195,267 1 7,059,159 ( 0.8 ) 1 6,785,739 ( 2.4 ) 1 6,536,080 ( 4.0 )",percent,Table 1A / Money Supply / M2 / Total / earlier same month % change,contemporaneous_monthly_release_annex
2024-01,2.1,2024-02-29,https://www.hkma.gov.hk/eng/news-and-media/press-releases/2024/02/20240229-7/,https://www.hkma.gov.hk/media/eng/doc/key-information/press-release/2024/20240229e7a1.pdf,"Total 1 7,109,234 1 7,195,266 ( -0.5 ) 1 6,796,032 ( 1.9 ) 1 6,757,032 ( 2.1 )",percent,Table 1A / Money Supply / M2 / Total / earlier same month % change,contemporaneous_monthly_release_annex
2024-02,4.0,2024-03-28,https://www.hkma.gov.hk/eng/news-and-media/press-releases/2024/03/20240328-6/,https://www.hkma.gov.hk/media/eng/doc/key-information/press-release/2024/20240328e6a1.pdf,"Total 1 7,144,957 1 7,109,234 ( 0.2 ) 1 7,059,159 ( 0.5 ) 1 6,478,362 ( 4.0 )",percent,Table 1A / Money Supply / M2 / Total / earlier same month % change,contemporaneous_monthly_release_annex
2024-03,3.4,2024-04-30,https://www.hkma.gov.hk/eng/news-and-media/press-releases/2024/04/20240430-10/,https://www.hkma.gov.hk/media/eng/doc/key-information/press-release/2024/20240430e10a1.pdf,"Total 1 7,186,277 1 7,144,957 ( 0.2 ) 1 7,195,266 ( -0.1 ) 1 6,619,681 ( 3.4 )",percent,Table 1A / Money Supply / M2 / Total / earlier same month % change,contemporaneous_monthly_release_annex
2024-04,5.5,2024-05-31,https://www.hkma.gov.hk/eng/news-and-media/press-releases/2024/05/20240531-8/,https://www.hkma.gov.hk/media/eng/doc/key-information/press-release/2024/20240531e8a1.pdf,"Total 1 7,553,224 1 7,186,277 ( 2.1 ) 1 7,109,234 ( 2.6 ) 1 6,630,912 ( 5.5 )",percent,Table 1A / Money Supply / M2 / Total / earlier same month % change,contemporaneous_monthly_release_annex
2024-05,7.8,2024-06-28,https://www.hkma.gov.hk/eng/news-and-media/press-releases/2024/06/20240628-6/,https://www.hkma.gov.hk/media/eng/doc/key-information/press-release/2024/20240628e6a1.pdf,"Total 1 7,764,407 1 7,553,224 ( 1.2 ) 1 7,144,957 ( 3.6 ) 1 6,481,548 ( 7.8 )",percent,Table 1A / Money Supply / M2 / Total / earlier same month % change,contemporaneous_monthly_release_annex
2024-06,7.4,2024-07-31,https://www.hkma.gov.hk/eng/news-and-media/press-releases/2024/07/20240731-8/,https://www.hkma.gov.hk/media/eng/doc/key-information/press-release/2024/20240731e8a1.pdf,"Total 1 7,774,385 1 7,764,407 ( 0.1 ) 1 7,186,277 ( 3.4 ) 1 6,552,573 ( 7.4 )",percent,Table 1A / Money Supply / M2 / Total / earlier same month % change,contemporaneous_monthly_release_annex
2024-07,7.1,2024-08-30,https://www.hkma.gov.hk/eng/news-and-media/press-releases/2024/08/20240830-6/,https://www.hkma.gov.hk/media/eng/doc/key-information/press-release/2024/20240830e6a1.pdf,"Total 1 7,904,398 1 7,774,310 ( 0.7 ) 1 7,553,224 ( 2.0 ) 1 6,718,399 ( 7.1 )",percent,Table 1A / Money Supply / M2 / Total / earlier same month % change,contemporaneous_monthly_release_annex
2024-08,7.8,2024-09-30,https://www.hkma.gov.hk/eng/news-and-media/press-releases/2024/09/20240930-8/,https://www.hkma.gov.hk/media/eng/doc/key-information/press-release/2024/20240930e8a1.pdf,"Total 1 8,098,212 1 7,904,398 ( 1.1 ) 1 7,764,407 ( 1.9 ) 1 6,791,234 ( 7.8 )",percent,Table 1A / Money Supply / M2 / Total / earlier same month % change,contemporaneous_monthly_release_annex
2024-09,8.5,2024-10-31,https://www.hkma.gov.hk/eng/news-and-media/press-releases/2024/10/20241031-7/,https://www.hkma.gov.hk/media/eng/doc/key-information/press-release/2024/20241031e7a1.pdf,"Total 1 8,209,671 1 8,098,212 ( 0.6 ) 1 7,774,310 ( 2.4 ) 1 6,785,739 ( 8.5 )",percent,Table 1A / Money Supply / M2 / Total / earlier same month % change,contemporaneous_monthly_release_annex
2024-10,8.6,2024-11-29,https://www.hkma.gov.hk/eng/news-and-media/press-releases/2024/11/20241129-6/,https://www.hkma.gov.hk/media/eng/doc/key-information/press-release/2024/20241129e6a1.pdf,"Total 1 8,240,045 1 8,209,671 ( 0.2 ) 1 7,904,398 ( 1.9 ) 1 6,796,032 ( 8.6 )",percent,Table 1A / Money Supply / M2 / Total / earlier same month % change,contemporaneous_monthly_release_annex
2024-11,7.3,2024-12-31,https://www.hkma.gov.hk/eng/news-and-media/press-releases/2024/12/20241231-8/,https://www.hkma.gov.hk/media/eng/doc/key-information/press-release/2024/20241231e8a1.pdf,"Total 1 8,302,050 1 8,240,045 ( 0.3 ) 1 8,098,212 ( 1.1 ) 1 7,059,159 ( 7.3 )",percent,Table 1A / Money Supply / M2 / Total / earlier same month % change,contemporaneous_monthly_release_annex
2024-12,7.3,2025-01-28,https://www.hkma.gov.hk/eng/news-and-media/press-releases/2025/01/20250128-8/,https://www.hkma.gov.hk/media/eng/doc/key-information/press-release/2025/20250128e8a1.pdf,"Total 1 8,458,425 1 8,302,050 ( 0.9 ) 1 8,209,671 ( 1.4 ) 1 7,195,266 ( 7.3 )",percent,Table 1A / Money Supply / M2 / Total / earlier same month % change,contemporaneous_monthly_release_annex
2025-01,9.6,2025-02-28,https://www.hkma.gov.hk/eng/news-and-media/press-releases/2025/02/20250228-7/,https://www.hkma.gov.hk/media/eng/doc/key-information/press-release/2025/20250228e7a1.pdf,"Total 1 8,751,799 1 8,458,425 ( 1.6 ) 1 8,240,045 ( 2.8 ) 1 7,109,234 ( 9.6 )",percent,Table 1A / Money Supply / M2 / Total / earlier same month % change,contemporaneous_monthly_release_annex
2025-02,10.4,2025-03-31,https://www.hkma.gov.hk/eng/news-and-media/press-releases/2025/03/20250331-8/,https://www.hkma.gov.hk/media/eng/doc/key-information/press-release/2025/20250331e8a1.pdf,"Total 1 8,921,929 1 8,751,799 ( 0.9 ) 1 8,302,050 ( 3.4 ) 1 7,144,957 ( 10.4 )",percent,Table 1A / Money Supply / M2 / Total / earlier same month % change,contemporaneous_monthly_release_annex
2025-03,10.8,2025-04-30,https://www.hkma.gov.hk/eng/news-and-media/press-releases/2025/04/20250430-9/,https://www.hkma.gov.hk/media/eng/doc/key-information/press-release/2025/20250430e9a1.pdf,"Total 1 9,048,522 1 8,921,929 ( 0.7 ) 1 8,458,425 ( 3.2 ) 1 7,186,277 ( 10.8 )",percent,Table 1A / Money Supply / M2 / Total / earlier same month % change,contemporaneous_monthly_release_annex
2025-04,9.3,2025-05-30,https://www.hkma.gov.hk/eng/news-and-media/press-releases/2025/05/20250530-6/,https://www.hkma.gov.hk/media/eng/doc/key-information/press-release/2025/20250530e6a1.pdf,"Total 1 9,187,833 1 9,048,522 ( 0.7 ) 1 8,751,799 ( 2.3 ) 1 7,553,224 ( 9.3 )",percent,Table 1A / Money Supply / M2 / Total / earlier same month % change,contemporaneous_monthly_release_annex
2025-05,10.7,2025-06-30,https://www.hkma.gov.hk/eng/news-and-media/press-releases/2025/06/20250630-7/,https://www.hkma.gov.hk/media/eng/doc/key-information/press-release/2025/20250630e7a1.pdf,"Total 1 9,668,804 1 9,187,833 ( 2.5 ) 1 8,921,929 ( 3.9 ) 1 7,764,407 ( 10.7 )",percent,Table 1A / Money Supply / M2 / Total / earlier same month % change,contemporaneous_monthly_release_annex
2025-06,11.5,2025-07-31,https://www.hkma.gov.hk/eng/news-and-media/press-releases/2025/07/20250731-8/,https://www.hkma.gov.hk/media/eng/doc/key-information/press-release/2025/20250731e8a1.pdf,"Total 1 9,819,929 1 9,668,804 ( 0.8 ) 1 9,048,522 ( 4.0 ) 1 7,774,310 ( 11.5 )",percent,Table 1A / Money Supply / M2 / Total / earlier same month % change,contemporaneous_monthly_release_annex
2025-07,10.8,2025-08-29,https://www.hkma.gov.hk/eng/news-and-media/press-releases/2025/08/20250829-6/,https://www.hkma.gov.hk/media/eng/doc/key-information/press-release/2025/20250829e6a1.pdf,"Total 1 9,845,030 1 9,819,929 ( 0.1 ) 1 9,187,833 ( 3.4 ) 1 7,904,398 ( 10.8 )",percent,Table 1A / Money Supply / M2 / Total / earlier same month % change,contemporaneous_monthly_release_annex
2025-08,10.4,2025-09-30,https://www.hkma.gov.hk/eng/news-and-media/press-releases/2025/09/20250930-6/,https://www.hkma.gov.hk/media/eng/doc/key-information/press-release/2025/20250930e6a1.pdf,"Total 1 9,980,320 1 9,845,030 ( 0.7 ) 1 9,668,804 ( 1.6 ) 1 8,098,212 ( 10.4 )",percent,Table 1A / Money Supply / M2 / Total / earlier same month % change,contemporaneous_monthly_release_annex
2025-09,11.1,2025-10-31,https://www.hkma.gov.hk/eng/news-and-media/press-releases/2025/10/20251031-8/,https://www.hkma.gov.hk/media/eng/doc/key-information/press-release/2025/20251031e8a1.pdf,"Total 2 0,237,578 1 9,980,320 ( 1.3 ) 1 9,819,929 ( 2.1 ) 1 8,209,671 ( 11.1 )",percent,Table 1A / Money Supply / M2 / Total / earlier same month % change,contemporaneous_monthly_release_annex
2025-10,10.6,2025-11-28,https://www.hkma.gov.hk/eng/news-and-media/press-releases/2025/11/20251128-6/,https://www.hkma.gov.hk/media/eng/doc/key-information/press-release/2025/20251128e6a1.pdf,"Total 2 0,177,214 2 0,237,578 ( -0.3 ) 1 9,845,030 ( 1.7 ) 1 8,240,045 ( 10.6 )",percent,Table 1A / Money Supply / M2 / Total / earlier same month % change,contemporaneous_monthly_release_annex
2025-11,11.2,2025-12-31,https://www.hkma.gov.hk/eng/news-and-media/press-releases/2025/12/20251231-6/,https://www.hkma.gov.hk/media/eng/doc/key-information/press-release/2025/20251231e6a1.pdf,"Total 2 0,349,090 2 0,177,214 ( 0.9 ) 1 9,980,320 ( 1.8 ) 1 8,302,050 ( 11.2 )",percent,Table 1A / Money Supply / M2 / Total / earlier same month % change,contemporaneous_monthly_release_annex
2025-12,11.6,2026-01-30,https://www.hkma.gov.hk/eng/news-and-media/press-releases/2026/01/20260130-9/,https://www.hkma.gov.hk/media/eng/doc/key-information/press-release/2026/20260130e9a1.pdf,"Total 2 0,602,349 2 0,349,090 ( 1.2 ) 2 0,237,578 ( 1.8 ) 1 8,458,425 ( 11.6 )",percent,Table 1A / Money Supply / M2 / Total / earlier same month % change,contemporaneous_monthly_release_annex
2026-01,9.9,2026-02-27,https://www.hkma.gov.hk/eng/news-and-media/press-releases/2026/02/20260227-6/,https://www.hkma.gov.hk/media/eng/doc/key-information/press-release/2026/20260227e6a1.pdf,"Total 2 0,601,368 2 0,602,349 ( 0.0 ) 2 0,177,214 ( 2.1 ) 1 8,751,799 ( 9.9 )",percent,Table 1A / Money Supply / M2 / Total / earlier same month % change,contemporaneous_monthly_release_annex
2026-02,9.8,2026-03-31,https://www.hkma.gov.hk/eng/news-and-media/press-releases/2026/03/20260331-7/,https://www.hkma.gov.hk/media/eng/doc/key-information/press-release/2026/20260331e7a1.pdf,"Total 2 0,775,858 2 0,601,368 ( 0.8 ) 2 0,349,090 ( 2.1 ) 1 8,921,929 ( 9.8 )",percent,Table 1A / Money Supply / M2 / Total / earlier same month % change,contemporaneous_monthly_release_annex
2026-03,9.3,2026-04-30,https://www.hkma.gov.hk/eng/news-and-media/press-releases/2026/04/20260430-10/,https://www.hkma.gov.hk/media/eng/doc/key-information/press-release/2026/20260430e10a1.pdf,"Total 2 0,819,733 2 0,775,858 ( 0.2 ) 2 0,602,349 ( 1.1 ) 1 9,048,522 ( 9.3 )",percent,Table 1A / Money Supply / M2 / Total / earlier same month % change,contemporaneous_monthly_release_annex
2026-04,10.0,2026-05-29,https://www.hkma.gov.hk/eng/news-and-media/press-releases/2026/05/20260529-6/,https://www.hkma.gov.hk/media/eng/doc/key-information/press-release/2026/20260529e6a1.pdf,"Total 2 1,112,461 2 0,819,733 ( 1.4 ) 2 0,601,368 ( 2.5 ) 1 9,187,833 ( 10.0 )",percent,Table 1A / Money Supply / M2 / Total / earlier same month % change,contemporaneous_monthly_release_annex
2026-05,9.9,2026-06-30,https://www.hkma.gov.hk/eng/news-and-media/press-releases/2026/06/20260630-8/,https://www.hkma.gov.hk/media/eng/doc/key-information/press-release/2026/20260630e8a1.pdf,"Total 2 1,611,738 2 1,112,461 ( 2.4 ) 2 0,775,858 ( 4.0 ) 1 9,668,804 ( 9.9 )",percent,Table 1A / Money Supply / M2 / Total / earlier same month % change,contemporaneous_monthly_release_annex
2026-06,9.2,2026-07-31,https://www.hkma.gov.hk/eng/news-and-media/press-releases/2026/07/20260731-7/,https://www.hkma.gov.hk/media/eng/doc/key-information/press-release/2026/20260731e7a1.pdf,"Total 2 1,642,629 2 1,611,738 ( 0.1 ) 2 0,819,733 ( 4.0 ) 1 9,819,929 ( 9.2 )",percent,Table 1A / Money Supply / M2 / Total / earlier same month % change,contemporaneous_monthly_release_annex
2026-07,10.2,2026-08-31,https://www.hkma.gov.hk/eng/news-and-media/press-releases/2026/08/20260831-6/,https://www.hkma.gov.hk/media/eng/doc/key-information/press-release/2026/20260831e6a1.pdf,"Total 2 1,876,782 2 1,642,629 ( 1.1 ) 2 1,112,461 ( 3.6 ) 1 9,845,030 ( 10.2 )",percent,Table 1A / Money Supply / M2 / Total / earlier same month % change,contemporaneous_monthly_release_annex
2026-08,11.0,2026-09-30,https://www.hkma.gov.hk/eng/news-and-media/press-releases/2026/09/20260930-9/,https://www.hkma.gov.hk/media/eng/doc/key-information/press-release/2026/20260930e9a1.pdf,"Total 2 2,174,394 2 1,876,782 ( 1.4 ) 2 1,611,738 ( 2.6 ) 1 9,980,320 ( 11.0 )",percent,Table 1A / Money Supply / M2 / Total / earlier same month % change,contemporaneous_monthly_release_annex
