observation_period,value,last_trading_date,release_date,unit,source_url,source_type
2012-07,19796.81,2012-07-31,,index_points,https://www.hkex.com.hk/-/media/HKEX-Market/Market-Data/Statistics/Consolidated-Reports/HKEX-Fact-Book/HKEx-Fact-Book-2012/fb_2012.pdf,official_HKEX_factbook
2012-08,19482.57,2012-08-31,,index_points,https://www.hkex.com.hk/-/media/HKEX-Market/Market-Data/Statistics/Consolidated-Reports/HKEX-Fact-Book/HKEx-Fact-Book-2012/fb_2012.pdf,official_HKEX_factbook
2012-09,20840.38,2012-09-28,,index_points,https://www.hkex.com.hk/-/media/HKEX-Market/Market-Data/Statistics/Consolidated-Reports/HKEX-Fact-Book/HKEx-Fact-Book-2012/fb_2012.pdf,official_HKEX_factbook
2012-10,21641.82,2012-10-31,,index_points,https://www.hkex.com.hk/-/media/HKEX-Market/Market-Data/Statistics/Consolidated-Reports/HKEX-Fact-Book/HKEx-Fact-Book-2012/fb_2012.pdf,official_HKEX_factbook
2012-11,22030.39,2012-11-30,,index_points,https://www.hkex.com.hk/-/media/HKEX-Market/Market-Data/Statistics/Consolidated-Reports/HKEX-Fact-Book/HKEx-Fact-Book-2012/fb_2012.pdf,official_HKEX_factbook
2012-12,22656.92,2012-12-31,,index_points,https://www.hkex.com.hk/-/media/HKEX-Market/Market-Data/Statistics/Consolidated-Reports/HKEX-Fact-Book/HKEx-Fact-Book-2012/fb_2012.pdf,official_HKEX_factbook
2013-01,23729.53,2013-01-31,,index_points,https://www.hkex.com.hk/-/media/HKEX-Market/Market-Data/Statistics/Consolidated-Reports/HKEX-Fact-Book/HKEx-Fact-Book-2013/fb_2013.pdf,official_HKEX_factbook
2013-02,23020.27,2013-02-28,,index_points,https://www.hkex.com.hk/-/media/HKEX-Market/Market-Data/Statistics/Consolidated-Reports/HKEX-Fact-Book/HKEx-Fact-Book-2013/fb_2013.pdf,official_HKEX_factbook
2013-03,22299.63,2013-03-28,,index_points,https://www.hkex.com.hk/-/media/HKEX-Market/Market-Data/Statistics/Consolidated-Reports/HKEX-Fact-Book/HKEx-Fact-Book-2013/fb_2013.pdf,official_HKEX_factbook
2013-04,22737.01,2013-04-30,,index_points,https://www.hkex.com.hk/-/media/HKEX-Market/Market-Data/Statistics/Consolidated-Reports/HKEX-Fact-Book/HKEx-Fact-Book-2013/fb_2013.pdf,official_HKEX_factbook
2013-05,22392.16,2013-05-31,,index_points,https://www.hkex.com.hk/-/media/HKEX-Market/Market-Data/Statistics/Consolidated-Reports/HKEX-Fact-Book/HKEx-Fact-Book-2013/fb_2013.pdf,official_HKEX_factbook
2013-06,20803.29,2013-06-28,,index_points,https://www.hkex.com.hk/-/media/HKEX-Market/Market-Data/Statistics/Consolidated-Reports/HKEX-Fact-Book/HKEx-Fact-Book-2013/fb_2013.pdf,official_HKEX_factbook
2013-07,21883.66,2013-07-31,,index_points,https://www.hkex.com.hk/-/media/HKEX-Market/Market-Data/Statistics/Consolidated-Reports/HKEX-Fact-Book/HKEx-Fact-Book-2013/fb_2013.pdf,official_HKEX_factbook
2013-08,21731.37,2013-08-30,,index_points,https://www.hkex.com.hk/-/media/HKEX-Market/Market-Data/Statistics/Consolidated-Reports/HKEX-Fact-Book/HKEx-Fact-Book-2013/fb_2013.pdf,official_HKEX_factbook
2013-09,22859.86,2013-09-30,,index_points,https://www.hkex.com.hk/-/media/HKEX-Market/Market-Data/Statistics/Consolidated-Reports/HKEX-Fact-Book/HKEx-Fact-Book-2013/fb_2013.pdf,official_HKEX_factbook
2013-10,23206.37,2013-10-31,,index_points,https://www.hkex.com.hk/-/media/HKEX-Market/Market-Data/Statistics/Consolidated-Reports/HKEX-Fact-Book/HKEx-Fact-Book-2013/fb_2013.pdf,official_HKEX_factbook
2013-11,23881.29,2013-11-29,,index_points,https://www.hkex.com.hk/-/media/HKEX-Market/Market-Data/Statistics/Consolidated-Reports/HKEX-Fact-Book/HKEx-Fact-Book-2013/fb_2013.pdf,official_HKEX_factbook
2013-12,23306.39,2013-12-31,,index_points,https://www.hkex.com.hk/-/media/HKEX-Market/Market-Data/Statistics/Consolidated-Reports/HKEX-Fact-Book/HKEx-Fact-Book-2013/fb_2013.pdf,official_HKEX_factbook
2014-01,22035.42,2014-01-30,2014-01-30,index_points,https://finance.sina.com.cn/stock/hkstock/HSI/klc_kl.js,secondary_Sina_daily
2014-02,22836.961,2014-02-28,2014-02-28,index_points,https://finance.sina.com.cn/stock/hkstock/HSI/klc_kl.js,secondary_Sina_daily
2014-03,22151.061,2014-03-31,2014-03-31,index_points,https://finance.sina.com.cn/stock/hkstock/HSI/klc_kl.js,secondary_Sina_daily
2014-04,22133.971,2014-04-30,2014-04-30,index_points,https://finance.sina.com.cn/stock/hkstock/HSI/klc_kl.js,secondary_Sina_daily
2014-05,23049.02,2014-05-30,2014-05-30,index_points,https://finance.sina.com.cn/stock/hkstock/HSI/klc_kl.js,secondary_Sina_daily
2014-06,23190.721,2014-06-30,2014-06-30,index_points,https://finance.sina.com.cn/stock/hkstock/HSI/klc_kl.js,secondary_Sina_daily
2014-07,24756.85,2014-07-31,2014-07-31,index_points,https://finance.sina.com.cn/stock/hkstock/HSI/klc_kl.js,secondary_Sina_daily
2014-08,24742.061,2014-08-29,2014-08-29,index_points,https://finance.sina.com.cn/stock/hkstock/HSI/klc_kl.js,secondary_Sina_daily
2014-09,22932.98,2014-09-30,2014-09-30,index_points,https://finance.sina.com.cn/stock/hkstock/HSI/klc_kl.js,secondary_Sina_daily
2014-10,23998.061,2014-10-31,2014-10-31,index_points,https://finance.sina.com.cn/stock/hkstock/HSI/klc_kl.js,secondary_Sina_daily
2014-11,23987.449,2014-11-28,2014-11-28,index_points,https://finance.sina.com.cn/stock/hkstock/HSI/klc_kl.js,secondary_Sina_daily
2014-12,23605.039,2014-12-31,2014-12-31,index_points,https://finance.sina.com.cn/stock/hkstock/HSI/klc_kl.js,secondary_Sina_daily
2015-01,24507.051,2015-01-30,2015-01-30,index_points,https://finance.sina.com.cn/stock/hkstock/HSI/klc_kl.js,secondary_Sina_daily
2015-02,24823.289,2015-02-27,2015-02-27,index_points,https://finance.sina.com.cn/stock/hkstock/HSI/klc_kl.js,secondary_Sina_daily
2015-03,24900.889,2015-03-31,2015-03-31,index_points,https://finance.sina.com.cn/stock/hkstock/HSI/klc_kl.js,secondary_Sina_daily
2015-04,28133.0,2015-04-30,2015-04-30,index_points,https://finance.sina.com.cn/stock/hkstock/HSI/klc_kl.js,secondary_Sina_daily
2015-05,27424.189,2015-05-29,2015-05-29,index_points,https://finance.sina.com.cn/stock/hkstock/HSI/klc_kl.js,secondary_Sina_daily
2015-06,26250.029,2015-06-30,2015-06-30,index_points,https://finance.sina.com.cn/stock/hkstock/HSI/klc_kl.js,secondary_Sina_daily
2015-07,24636.279,2015-07-31,2015-07-31,index_points,https://finance.sina.com.cn/stock/hkstock/HSI/klc_kl.js,secondary_Sina_daily
2015-08,21670.58,2015-08-31,2015-08-31,index_points,https://finance.sina.com.cn/stock/hkstock/HSI/klc_kl.js,secondary_Sina_daily
2015-09,20846.301,2015-09-30,2015-09-30,index_points,https://finance.sina.com.cn/stock/hkstock/HSI/klc_kl.js,secondary_Sina_daily
2015-10,22640.039,2015-10-30,2015-10-30,index_points,https://finance.sina.com.cn/stock/hkstock/HSI/klc_kl.js,secondary_Sina_daily
2015-11,21996.42,2015-11-30,2015-11-30,index_points,https://finance.sina.com.cn/stock/hkstock/HSI/klc_kl.js,secondary_Sina_daily
2015-12,21914.4,2015-12-31,2015-12-31,index_points,https://finance.sina.com.cn/stock/hkstock/HSI/klc_kl.js,secondary_Sina_daily
2016-01,19683.109,2016-01-29,2016-01-29,index_points,https://finance.sina.com.cn/stock/hkstock/HSI/klc_kl.js,secondary_Sina_daily
2016-02,19111.93,2016-02-29,2016-02-29,index_points,https://finance.sina.com.cn/stock/hkstock/HSI/klc_kl.js,secondary_Sina_daily
2016-03,20776.699,2016-03-31,2016-03-31,index_points,https://finance.sina.com.cn/stock/hkstock/HSI/klc_kl.js,secondary_Sina_daily
2016-04,21067.051,2016-04-29,2016-04-29,index_points,https://finance.sina.com.cn/stock/hkstock/HSI/klc_kl.js,secondary_Sina_daily
2016-05,20815.09,2016-05-31,2016-05-31,index_points,https://finance.sina.com.cn/stock/hkstock/HSI/klc_kl.js,secondary_Sina_daily
2016-06,20794.369,2016-06-30,2016-06-30,index_points,https://finance.sina.com.cn/stock/hkstock/HSI/klc_kl.js,secondary_Sina_daily
2016-07,21891.369,2016-07-29,2016-07-29,index_points,https://finance.sina.com.cn/stock/hkstock/HSI/klc_kl.js,secondary_Sina_daily
2016-08,22976.881,2016-08-31,2016-08-31,index_points,https://finance.sina.com.cn/stock/hkstock/HSI/klc_kl.js,secondary_Sina_daily
2016-09,23297.15,2016-09-30,2016-09-30,index_points,https://finance.sina.com.cn/stock/hkstock/HSI/klc_kl.js,secondary_Sina_daily
2016-10,22934.539,2016-10-31,2016-10-31,index_points,https://finance.sina.com.cn/stock/hkstock/HSI/klc_kl.js,secondary_Sina_daily
2016-11,22789.77,2016-11-30,2016-11-30,index_points,https://finance.sina.com.cn/stock/hkstock/HSI/klc_kl.js,secondary_Sina_daily
2016-12,22000.561,2016-12-30,2016-12-30,index_points,https://finance.sina.com.cn/stock/hkstock/HSI/klc_kl.js,secondary_Sina_daily
2017-01,23360.779,2017-01-27,2017-01-27,index_points,https://finance.sina.com.cn/stock/hkstock/HSI/klc_kl.js,secondary_Sina_daily
2017-02,23740.73,2017-02-28,2017-02-28,index_points,https://finance.sina.com.cn/stock/hkstock/HSI/klc_kl.js,secondary_Sina_daily
2017-03,24111.59,2017-03-31,2017-03-31,index_points,https://finance.sina.com.cn/stock/hkstock/HSI/klc_kl.js,secondary_Sina_daily
2017-04,24615.131,2017-04-28,2017-04-28,index_points,https://finance.sina.com.cn/stock/hkstock/HSI/klc_kl.js,secondary_Sina_daily
2017-05,25660.65,2017-05-31,2017-05-31,index_points,https://finance.sina.com.cn/stock/hkstock/HSI/klc_kl.js,secondary_Sina_daily
2017-06,25764.58,2017-06-30,2017-06-30,index_points,https://finance.sina.com.cn/stock/hkstock/HSI/klc_kl.js,secondary_Sina_daily
2017-07,27323.99,2017-07-31,2017-07-31,index_points,https://finance.sina.com.cn/stock/hkstock/HSI/klc_kl.js,secondary_Sina_daily
2017-08,27970.301,2017-08-31,2017-08-31,index_points,https://finance.sina.com.cn/stock/hkstock/HSI/klc_kl.js,secondary_Sina_daily
2017-09,27554.301,2017-09-29,2017-09-29,index_points,https://finance.sina.com.cn/stock/hkstock/HSI/klc_kl.js,secondary_Sina_daily
2017-10,28245.539,2017-10-31,2017-10-31,index_points,https://finance.sina.com.cn/stock/hkstock/HSI/klc_kl.js,secondary_Sina_daily
2017-11,29177.35,2017-11-30,2017-11-30,index_points,https://finance.sina.com.cn/stock/hkstock/HSI/klc_kl.js,secondary_Sina_daily
2017-12,29919.15,2017-12-29,2017-12-29,index_points,https://finance.sina.com.cn/stock/hkstock/HSI/klc_kl.js,secondary_Sina_daily
2018-01,32887.27,2018-01-31,2018-01-31,index_points,https://finance.sina.com.cn/stock/hkstock/HSI/klc_kl.js,secondary_Sina_daily
2018-02,30844.721,2018-02-28,2018-02-28,index_points,https://finance.sina.com.cn/stock/hkstock/HSI/klc_kl.js,secondary_Sina_daily
2018-03,30093.381,2018-03-29,2018-03-29,index_points,https://finance.sina.com.cn/stock/hkstock/HSI/klc_kl.js,secondary_Sina_daily
2018-04,30808.449,2018-04-30,2018-04-30,index_points,https://finance.sina.com.cn/stock/hkstock/HSI/klc_kl.js,secondary_Sina_daily
2018-05,30468.561,2018-05-31,2018-05-31,index_points,https://finance.sina.com.cn/stock/hkstock/HSI/klc_kl.js,secondary_Sina_daily
2018-06,28955.109,2018-06-29,2018-06-29,index_points,https://finance.sina.com.cn/stock/hkstock/HSI/klc_kl.js,secondary_Sina_daily
2018-07,28583.01,2018-07-31,2018-07-31,index_points,https://finance.sina.com.cn/stock/hkstock/HSI/klc_kl.js,secondary_Sina_daily
2018-08,27888.551,2018-08-31,2018-08-31,index_points,https://finance.sina.com.cn/stock/hkstock/HSI/klc_kl.js,secondary_Sina_daily
2018-09,27788.52,2018-09-28,2018-09-28,index_points,https://finance.sina.com.cn/stock/hkstock/HSI/klc_kl.js,secondary_Sina_daily
2018-10,24979.689,2018-10-31,2018-10-31,index_points,https://finance.sina.com.cn/stock/hkstock/HSI/klc_kl.js,secondary_Sina_daily
2018-11,26506.75,2018-11-30,2018-11-30,index_points,https://finance.sina.com.cn/stock/hkstock/HSI/klc_kl.js,secondary_Sina_daily
2018-12,25845.699,2018-12-31,2018-12-31,index_points,https://finance.sina.com.cn/stock/hkstock/HSI/klc_kl.js,secondary_Sina_daily
2019-01,27942.471,2019-01-31,2019-01-31,index_points,https://finance.sina.com.cn/stock/hkstock/HSI/klc_kl.js,secondary_Sina_daily
2019-02,28633.18,2019-02-28,2019-02-28,index_points,https://finance.sina.com.cn/stock/hkstock/HSI/klc_kl.js,secondary_Sina_daily
2019-03,29051.359,2019-03-29,2019-03-29,index_points,https://finance.sina.com.cn/stock/hkstock/HSI/klc_kl.js,secondary_Sina_daily
2019-04,29699.109,2019-04-30,2019-04-30,index_points,https://finance.sina.com.cn/stock/hkstock/HSI/klc_kl.js,secondary_Sina_daily
2019-05,26901.09,2019-05-31,2019-05-31,index_points,https://finance.sina.com.cn/stock/hkstock/HSI/klc_kl.js,secondary_Sina_daily
2019-06,28542.619,2019-06-28,2019-06-28,index_points,https://finance.sina.com.cn/stock/hkstock/HSI/klc_kl.js,secondary_Sina_daily
2019-07,27777.75,2019-07-31,2019-07-31,index_points,https://finance.sina.com.cn/stock/hkstock/HSI/klc_kl.js,secondary_Sina_daily
2019-08,25724.73,2019-08-30,2019-08-30,index_points,https://finance.sina.com.cn/stock/hkstock/HSI/klc_kl.js,secondary_Sina_daily
2019-09,26092.27,2019-09-30,2019-09-30,index_points,https://finance.sina.com.cn/stock/hkstock/HSI/klc_kl.js,secondary_Sina_daily
2019-10,26906.721,2019-10-31,2019-10-31,index_points,https://finance.sina.com.cn/stock/hkstock/HSI/klc_kl.js,secondary_Sina_daily
2019-11,26346.49,2019-11-29,2019-11-29,index_points,https://finance.sina.com.cn/stock/hkstock/HSI/klc_kl.js,secondary_Sina_daily
2019-12,28189.75,2019-12-31,2019-12-31,index_points,https://finance.sina.com.cn/stock/hkstock/HSI/klc_kl.js,secondary_Sina_daily
2020-01,26312.631,2020-01-31,2020-01-31,index_points,https://finance.sina.com.cn/stock/hkstock/HSI/klc_kl.js,secondary_Sina_daily
2020-02,26129.93,2020-02-28,2020-02-28,index_points,https://finance.sina.com.cn/stock/hkstock/HSI/klc_kl.js,secondary_Sina_daily
2020-03,23603.48,2020-03-31,2020-03-31,index_points,https://finance.sina.com.cn/stock/hkstock/HSI/klc_kl.js,secondary_Sina_daily
2020-04,24643.59,2020-04-29,2020-04-29,index_points,https://finance.sina.com.cn/stock/hkstock/HSI/klc_kl.js,secondary_Sina_daily
2020-05,22961.471,2020-05-29,2020-05-29,index_points,https://finance.sina.com.cn/stock/hkstock/HSI/klc_kl.js,secondary_Sina_daily
2020-06,24427.189,2020-06-30,2020-06-30,index_points,https://finance.sina.com.cn/stock/hkstock/HSI/klc_kl.js,secondary_Sina_daily
2020-07,24595.35,2020-07-31,2020-07-31,index_points,https://finance.sina.com.cn/stock/hkstock/HSI/klc_kl.js,secondary_Sina_daily
2020-08,25177.051,2020-08-31,2020-08-31,index_points,https://finance.sina.com.cn/stock/hkstock/HSI/klc_kl.js,secondary_Sina_daily
2020-09,23459.051,2020-09-30,2020-09-30,index_points,https://finance.sina.com.cn/stock/hkstock/HSI/klc_kl.js,secondary_Sina_daily
2020-10,24107.42,2020-10-30,2020-10-30,index_points,https://finance.sina.com.cn/stock/hkstock/HSI/klc_kl.js,secondary_Sina_daily
2020-11,26341.49,2020-11-30,2020-11-30,index_points,https://finance.sina.com.cn/stock/hkstock/HSI/klc_kl.js,secondary_Sina_daily
2020-12,27231.131,2020-12-31,2020-12-31,index_points,https://finance.sina.com.cn/stock/hkstock/HSI/klc_kl.js,secondary_Sina_daily
2021-01,28283.711,2021-01-29,2021-01-29,index_points,https://finance.sina.com.cn/stock/hkstock/HSI/klc_kl.js,secondary_Sina_daily
2021-02,28980.211,2021-02-26,2021-02-26,index_points,https://finance.sina.com.cn/stock/hkstock/HSI/klc_kl.js,secondary_Sina_daily
2021-03,28378.35,2021-03-31,2021-03-31,index_points,https://finance.sina.com.cn/stock/hkstock/HSI/klc_kl.js,secondary_Sina_daily
2021-04,28724.881,2021-04-30,2021-04-30,index_points,https://finance.sina.com.cn/stock/hkstock/HSI/klc_kl.js,secondary_Sina_daily
2021-05,29151.801,2021-05-31,2021-05-31,index_points,https://finance.sina.com.cn/stock/hkstock/HSI/klc_kl.js,secondary_Sina_daily
2021-06,28827.949,2021-06-30,2021-06-30,index_points,https://finance.sina.com.cn/stock/hkstock/HSI/klc_kl.js,secondary_Sina_daily
2021-07,25961.029,2021-07-30,2021-07-30,index_points,https://finance.sina.com.cn/stock/hkstock/HSI/klc_kl.js,secondary_Sina_daily
2021-08,25878.99,2021-08-31,2021-08-31,index_points,https://finance.sina.com.cn/stock/hkstock/HSI/klc_kl.js,secondary_Sina_daily
2021-09,24575.641,2021-09-30,2021-09-30,index_points,https://finance.sina.com.cn/stock/hkstock/HSI/klc_kl.js,secondary_Sina_daily
2021-10,25377.24,2021-10-29,2021-10-29,index_points,https://finance.sina.com.cn/stock/hkstock/HSI/klc_kl.js,secondary_Sina_daily
2021-11,23475.262,2021-11-30,2021-11-30,index_points,https://finance.sina.com.cn/stock/hkstock/HSI/klc_kl.js,secondary_Sina_daily
2021-12,23397.67,2021-12-31,2021-12-31,index_points,https://finance.sina.com.cn/stock/hkstock/HSI/klc_kl.js,secondary_Sina_daily
2022-01,23802.26,2022-01-31,2022-01-31,index_points,https://finance.sina.com.cn/stock/hkstock/HSI/klc_kl.js,secondary_Sina_daily
2022-02,22713.021,2022-02-28,2022-02-28,index_points,https://finance.sina.com.cn/stock/hkstock/HSI/klc_kl.js,secondary_Sina_daily
2022-03,21996.85,2022-03-31,2022-03-31,index_points,https://finance.sina.com.cn/stock/hkstock/HSI/klc_kl.js,secondary_Sina_daily
2022-04,21089.391,2022-04-29,2022-04-29,index_points,https://finance.sina.com.cn/stock/hkstock/HSI/klc_kl.js,secondary_Sina_daily
2022-05,21415.199,2022-05-31,2022-05-31,index_points,https://finance.sina.com.cn/stock/hkstock/HSI/klc_kl.js,secondary_Sina_daily
2022-06,21859.791,2022-06-30,2022-06-30,index_points,https://finance.sina.com.cn/stock/hkstock/HSI/klc_kl.js,secondary_Sina_daily
2022-07,20156.51,2022-07-29,2022-07-29,index_points,https://finance.sina.com.cn/stock/hkstock/HSI/klc_kl.js,secondary_Sina_daily
2022-08,19954.391,2022-08-31,2022-08-31,index_points,https://finance.sina.com.cn/stock/hkstock/HSI/klc_kl.js,secondary_Sina_daily
2022-09,17222.83,2022-09-30,2022-09-30,index_points,https://finance.sina.com.cn/stock/hkstock/HSI/klc_kl.js,secondary_Sina_daily
2022-10,14687.021,2022-10-31,2022-10-31,index_points,https://finance.sina.com.cn/stock/hkstock/HSI/klc_kl.js,secondary_Sina_daily
2022-11,18597.23,2022-11-30,2022-11-30,index_points,https://finance.sina.com.cn/stock/hkstock/HSI/klc_kl.js,secondary_Sina_daily
2022-12,19781.41,2022-12-30,2022-12-30,index_points,https://finance.sina.com.cn/stock/hkstock/HSI/klc_kl.js,secondary_Sina_daily
2023-01,21842.33,2023-01-31,2023-01-31,index_points,https://finance.sina.com.cn/stock/hkstock/HSI/klc_kl.js,secondary_Sina_daily
2023-02,19785.939,2023-02-28,2023-02-28,index_points,https://finance.sina.com.cn/stock/hkstock/HSI/klc_kl.js,secondary_Sina_daily
2023-03,20400.111,2023-03-31,2023-03-31,index_points,https://finance.sina.com.cn/stock/hkstock/HSI/klc_kl.js,secondary_Sina_daily
2023-04,19894.57,2023-04-28,2023-04-28,index_points,https://finance.sina.com.cn/stock/hkstock/HSI/klc_kl.js,secondary_Sina_daily
2023-05,18234.27,2023-05-31,2023-05-31,index_points,https://finance.sina.com.cn/stock/hkstock/HSI/klc_kl.js,secondary_Sina_daily
2023-06,18916.43,2023-06-30,2023-06-30,index_points,https://finance.sina.com.cn/stock/hkstock/HSI/klc_kl.js,secondary_Sina_daily
2023-07,20078.941,2023-07-31,2023-07-31,index_points,https://finance.sina.com.cn/stock/hkstock/HSI/klc_kl.js,secondary_Sina_daily
2023-08,18382.061,2023-08-31,2023-08-31,index_points,https://finance.sina.com.cn/stock/hkstock/HSI/klc_kl.js,secondary_Sina_daily
2023-09,17809.66,2023-09-29,2023-09-29,index_points,https://finance.sina.com.cn/stock/hkstock/HSI/klc_kl.js,secondary_Sina_daily
2023-10,17112.48,2023-10-31,2023-10-31,index_points,https://finance.sina.com.cn/stock/hkstock/HSI/klc_kl.js,secondary_Sina_daily
2023-11,17042.881,2023-11-30,2023-11-30,index_points,https://finance.sina.com.cn/stock/hkstock/HSI/klc_kl.js,secondary_Sina_daily
2023-12,17047.391,2023-12-29,2023-12-29,index_points,https://finance.sina.com.cn/stock/hkstock/HSI/klc_kl.js,secondary_Sina_daily
2024-01,15485.07,2024-01-31,2024-01-31,index_points,https://finance.sina.com.cn/stock/hkstock/HSI/klc_kl.js,secondary_Sina_daily
2024-02,16511.439,2024-02-29,2024-02-29,index_points,https://finance.sina.com.cn/stock/hkstock/HSI/klc_kl.js,secondary_Sina_daily
2024-03,16541.42,2024-03-28,2024-03-28,index_points,https://finance.sina.com.cn/stock/hkstock/HSI/klc_kl.js,secondary_Sina_daily
2024-04,17763.031,2024-04-30,2024-04-30,index_points,https://finance.sina.com.cn/stock/hkstock/HSI/klc_kl.js,secondary_Sina_daily
2024-05,18079.609,2024-05-31,2024-05-31,index_points,https://finance.sina.com.cn/stock/hkstock/HSI/klc_kl.js,secondary_Sina_daily
2024-06,17718.609,2024-06-28,2024-06-28,index_points,https://finance.sina.com.cn/stock/hkstock/HSI/klc_kl.js,secondary_Sina_daily
2024-07,17344.6,2024-07-31,2024-07-31,index_points,https://finance.sina.com.cn/stock/hkstock/HSI/klc_kl.js,secondary_Sina_daily
2024-08,17989.07,2024-08-30,2024-08-30,index_points,https://finance.sina.com.cn/stock/hkstock/HSI/klc_kl.js,secondary_Sina_daily
2024-09,21133.68,2024-09-30,2024-09-30,index_points,https://finance.sina.com.cn/stock/hkstock/HSI/klc_kl.js,secondary_Sina_daily
2024-10,20317.33,2024-10-31,2024-10-31,index_points,https://finance.sina.com.cn/stock/hkstock/HSI/klc_kl.js,secondary_Sina_daily
2024-11,19423.609,2024-11-29,2024-11-29,index_points,https://finance.sina.com.cn/stock/hkstock/HSI/klc_kl.js,secondary_Sina_daily
2024-12,20059.951,2024-12-31,2024-12-31,index_points,https://finance.sina.com.cn/stock/hkstock/HSI/klc_kl.js,secondary_Sina_daily
2025-01,20225.111,2025-01-28,2025-01-28,index_points,https://finance.sina.com.cn/stock/hkstock/HSI/klc_kl.js,secondary_Sina_daily
2025-02,22941.32,2025-02-28,2025-02-28,index_points,https://finance.sina.com.cn/stock/hkstock/HSI/klc_kl.js,secondary_Sina_daily
2025-03,23119.58,2025-03-31,2025-03-31,index_points,https://finance.sina.com.cn/stock/hkstock/HSI/klc_kl.js,secondary_Sina_daily
2025-04,22119.41,2025-04-30,2025-04-30,index_points,https://finance.sina.com.cn/stock/hkstock/HSI/klc_kl.js,secondary_Sina_daily
2025-05,23289.77,2025-05-30,2025-05-30,index_points,https://finance.sina.com.cn/stock/hkstock/HSI/klc_kl.js,secondary_Sina_daily
2025-06,24072.279,2025-06-30,2025-06-30,index_points,https://finance.sina.com.cn/stock/hkstock/HSI/klc_kl.js,secondary_Sina_daily
2025-07,24773.33,2025-07-31,2025-07-31,index_points,https://finance.sina.com.cn/stock/hkstock/HSI/klc_kl.js,secondary_Sina_daily
2025-08,25077.62,2025-08-29,2025-08-29,index_points,https://www.hkex.com.hk/Market-Data/Statistics/Consolidated-Reports/HKEX-Monthly-Market-Highlights?sc_lang=en&select={0313FF24-82C0-4802-A7D5-5E90470EC17D},official_HKEX_monthly_highlights
2025-09,26855.56,2025-09-30,2025-09-30,index_points,https://www.hkex.com.hk/Market-Data/Statistics/Consolidated-Reports/HKEX-Monthly-Market-Highlights?sc_lang=en&select={42F1D2CF-355D-45C9-BACE-FBD72EAEA7AC},official_HKEX_monthly_highlights
2025-10,25906.65,2025-10-31,2025-10-31,index_points,https://www.hkex.com.hk/Market-Data/Statistics/Consolidated-Reports/HKEX-Monthly-Market-Highlights?sc_lang=en&select={A6DAF5DC-8335-46E6-8D38-EBFB8BBEF0E0},official_HKEX_monthly_highlights
2025-11,25858.89,2025-11-28,2025-11-28,index_points,https://www.hkex.com.hk/Market-Data/Statistics/Consolidated-Reports/HKEX-Monthly-Market-Highlights?sc_lang=en&select={33903E7B-868A-4E03-9DEC-7C41C107E72B},official_HKEX_monthly_highlights
2025-12,25630.54,2025-12-31,2025-12-31,index_points,https://www.hkex.com.hk/Market-Data/Statistics/Consolidated-Reports/HKEX-Monthly-Market-Highlights?sc_lang=en&select={B874D9B6-E6B3-44CC-AC36-B566A6363CCD},official_HKEX_monthly_highlights
2026-01,27387.11,2026-01-30,2026-01-30,index_points,https://www.hkex.com.hk/Market-Data/Statistics/Consolidated-Reports/HKEX-Monthly-Market-Highlights?sc_lang=en&select={6EA87B6C-938A-48B1-8CDA-6960712E4C54},official_HKEX_monthly_highlights
2026-02,26630.54,2026-02-27,2026-02-27,index_points,https://www.hkex.com.hk/Market-Data/Statistics/Consolidated-Reports/HKEX-Monthly-Market-Highlights?sc_lang=en&select={2EA751A5-CB84-41A8-B99D-9C8BC53AA367},official_HKEX_monthly_highlights
2026-03,24788.14,2026-03-31,2026-03-31,index_points,https://www.hkex.com.hk/Market-Data/Statistics/Consolidated-Reports/HKEX-Monthly-Market-Highlights?sc_lang=en&select={89EB1121-C960-48E9-B0B3-60472D07478F},official_HKEX_monthly_highlights
2026-04,25776.53,2026-04-30,2026-04-30,index_points,https://www.hkex.com.hk/Market-Data/Statistics/Consolidated-Reports/HKEX-Monthly-Market-Highlights?sc_lang=en&select={40F215EC-D057-4C61-9293-114240C470CD},official_HKEX_monthly_highlights
2026-05,25182.39,2026-05-29,2026-05-29,index_points,https://www.hkex.com.hk/Market-Data/Statistics/Consolidated-Reports/HKEX-Monthly-Market-Highlights?sc_lang=en&select={EB2ED362-B7EA-4B69-A432-5A893CADDE28},official_HKEX_monthly_highlights
2026-06,22881.02,2026-06-30,2026-06-30,index_points,https://www.hkex.com.hk/Market-Data/Statistics/Consolidated-Reports/HKEX-Monthly-Market-Highlights?sc_lang=en&select={5B984B00-9551-4A5B-B3A4-4AFD16B70E88},official_HKEX_monthly_highlights
2026-07,25884.43,2026-07-31,2026-07-31,index_points,https://www.hkex.com.hk/Market-Data/Statistics/Consolidated-Reports/HKEX-Monthly-Market-Highlights?sc_lang=en&select={99B25159-DF7E-46A8-840D-9F8E07F49AEE},official_HKEX_monthly_highlights
2026-08,25566.99,2026-08-31,2026-08-31,index_points,https://www.hkex.com.hk/Market-Data/Statistics/Consolidated-Reports/HKEX-Monthly-Market-Highlights?sc_lang=en&select={DCE954BC-D1B6-4EF7-AB2F-591E3AD165E8},official_HKEX_monthly_highlights
2026-09,24613.27,2026-09-30,2026-09-30,index_points,https://finance.sina.com.cn/stock/hkstock/HSI/klc_kl.js,secondary_Sina_daily
