dataset,observation_period,release_date,release_source_url,release_title
gdp,2021-Q3,2021-10-19,https://www.stats.gov.cn/sj/zxfb/202302/t20230203_1901249.html,2021年三季度国内生产总值（GDP）初步核算结果
ppi,2021-10,2021-11-10,https://www.stats.gov.cn/sj/zxfb/202302/t20230203_1901273.html,2021年10月份工业生产者出厂价格同比上涨13.5% 环比上涨2.5%
retail,2021-10,2021-11-15,https://www.stats.gov.cn/sj/zxfb/202302/t20230203_1901282.html,2021年10月份社会消费品零售总额增长4.9%
ppi,2021-11,2021-12-09,https://www.stats.gov.cn/sj/zxfb/202302/t20230203_1901297.html,2021年11月份工业生产者出厂价格同比上涨12.9% 环比持平
retail,2021-11,2021-12-15,https://www.stats.gov.cn/sj/zxfb/202302/t20230203_1901308.html,2021年11月份社会消费品零售总额增长3.9%
ppi,2021-12,2022-01-12,https://www.stats.gov.cn/sj/zxfb/202302/t20230203_1901329.html,2021年12月份工业生产者出厂价格同比上涨10.3% 环比下降1.2%
gdp,2021-Q4,2022-01-18,https://www.stats.gov.cn/sj/zxfb/202302/t20230203_1901345.html,2021年四季度和全年国内生产总值（GDP）初步核算结果
ppi,2022-01,2022-02-16,https://www.stats.gov.cn/sj/zxfb/202302/t20230203_1901368.html,2022年1月份工业生产者出厂价格同比上涨9.1% 环比下降0.2%
ppi,2022-02,2022-03-09,https://www.stats.gov.cn/sj/zxfb/202302/t20230203_1901399.html,2022年2月份工业生产者出厂价格同比上涨8.8% 环比上涨0.5%
retail,2022-02,2022-03-15,https://www.stats.gov.cn/sj/zxfb/202302/t20230203_1901406.html,2022年1—2月份社会消费品零售总额增长6.7%
ppi,2022-03,2022-04-11,https://www.stats.gov.cn/sj/zxfb/202302/t20230203_1901422.html,2022年3月份工业生产者出厂价格同比上涨8.3% 环比上涨1.1%
gdp,2022-Q1,2022-04-19,https://www.stats.gov.cn/sj/zxfb/202302/t20230203_1901436.html,2022年一季度国内生产总值初步核算结果
ppi,2022-04,2022-05-11,https://www.stats.gov.cn/sj/zxfb/202302/t20230203_1901457.html,2022年4月份工业生产者出厂价格同比上涨8.0% 环比上涨0.6%
retail,2022-04,2022-05-16,https://www.stats.gov.cn/sj/zxfb/202302/t20230203_1901464.html,2022年1—4月份社会消费品零售总额下降0.2%
ppi,2022-05,2022-06-10,https://www.stats.gov.cn/sj/zxfb/202302/t20230203_1901483.html,2022年5月份工业生产者出厂价格同比上涨6.4% 环比上涨0.1%
retail,2022-05,2022-06-15,https://www.stats.gov.cn/sj/zxfb/202302/t20230203_1901490.html,2022年1—5月份社会消费品零售总额下降1.5%
ppi,2022-06,2022-07-09,https://www.stats.gov.cn/sj/zxfb/202302/t20230203_1901505.html,2022年6月份工业生产者出厂价格同比上涨6.1% 环比持平
retail,2022-06,2022-07-15,https://www.stats.gov.cn/sj/zxfb/202302/t20230203_1901517.html,2022年6月份社会消费品零售总额增长3.1%
gdp,2022-Q2,2022-07-16,https://www.stats.gov.cn/sj/zxfb/202302/t20230203_1901532.html,2022年二季度和上半年国内生产总值初步核算结果
ppi,2022-07,2022-08-10,https://www.stats.gov.cn/sj/zxfb/202302/t20230203_1901543.html,2022年7月份工业生产者出厂价格同比上涨4.2% 环比下降1.3%
retail,2022-07,2022-08-15,https://www.stats.gov.cn/sj/zxfb/202302/t20230203_1901552.html,2022年7月份社会消费品零售总额增长2.7%
ppi,2022-08,2022-09-09,https://www.stats.gov.cn/sj/zxfb/202302/t20230203_1901571.html,2022年8月份工业生产者出厂价格同比上涨2.3% 环比下降1.2%
retail,2022-08,2022-09-16,https://www.stats.gov.cn/sj/zxfb/202302/t20230203_1901583.html,2022年8月份社会消费品零售总额增长5.4%
ppi,2022-09,2022-10-14,https://www.stats.gov.cn/sj/zxfb/202302/t20230203_1901614.html,2022年9月份工业生产者出厂价格同比上涨0.9% 环比下降0.1%
gdp,2022-Q3,2022-10-24,https://www.stats.gov.cn/sj/zxfb/202302/t20230203_1901626.html,2022年三季度国内生产总值初步核算结果
retail,2022-09,2022-10-24,https://www.stats.gov.cn/sj/zxfb/202302/t20230203_1901619.html,2022年9月份社会消费品零售总额增长2.5%
ppi,2022-10,2022-11-09,https://www.stats.gov.cn/sj/zxfb/202302/t20230203_1901648.html,2022年10月份工业生产者出厂价格同比下降1.3% 环比上涨0.2%
retail,2022-10,2022-11-15,https://www.stats.gov.cn/sj/zxfb/202302/t20230203_1901655.html,2022年10月份社会消费品零售总额下降0.5%
ppi,2022-11,2022-12-09,https://www.stats.gov.cn/sj/zxfb/202302/t20230203_1901671.html,2022年11月份工业生产者出厂价格同比下降1.3% 环比上涨0.1%
retail,2022-11,2022-12-15,https://www.stats.gov.cn/sj/zxfb/202302/t20230203_1901682.html,2022年11月份社会消费品零售总额下降5.9%
ppi,2022-12,2023-01-12,https://www.stats.gov.cn/sj/zxfb/202302/t20230203_1901704.html,2022年12月份工业生产者出厂价格同比下降0.7% 环比下降0.5%
gdp,2022-Q4,2023-01-18,https://www.stats.gov.cn/sj/zxfb/202302/t20230203_1901718.html,2022年四季度和全年国内生产总值初步核算结果
ppi,2023-01,2023-02-10,https://www.stats.gov.cn/sj/zxfb/202302/t20230220_1913662.html,2023年1月份工业生产者出厂价格同比下降0.8% 环比下降0.4%
ppi,2023-02,2023-03-09,https://www.stats.gov.cn/sj/zxfb/202303/t20230309_1936953.html,2023年2月份工业生产者出厂价格同比下降1.4% 环比持平
retail,2023-02,2023-03-15,https://www.stats.gov.cn/sj/zxfb/202303/t20230315_1937198.html,2023年1—2月份社会消费品零售总额增长3.5%
ppi,2023-03,2023-04-11,https://www.stats.gov.cn/sj/zxfb/202304/t20230411_1938508.html,2023年3月份工业生产者出厂价格同比下降2.5% 环比持平
retail,2023-03,2023-04-18,https://www.stats.gov.cn/sj/zxfb/202304/t20230418_1938710.html,2023年3月份社会消费品零售总额增长10.6%
gdp,2023-Q1,2023-04-19,https://www.stats.gov.cn/sj/zxfb/202304/t20230419_1938791.html,2023年一季度国内生产总值初步核算结果
ppi,2023-04,2023-05-11,https://www.stats.gov.cn/sj/zxfb/202305/t20230511_1939348.html,2023年4月份工业生产者出厂价格同比下降3.6% 环比下降0.5%
retail,2023-04,2023-05-16,https://www.stats.gov.cn/sj/zxfb/202305/t20230516_1939485.html,2023年4月份社会消费品零售总额增长18.4%
ppi,2023-05,2023-06-09,https://www.stats.gov.cn/sj/zxfb/202306/t20230609_1940480.html,2023年5月份工业生产者出厂价格同比下降4.6% 环比下降0.9%
retail,2023-05,2023-06-15,https://www.stats.gov.cn/sj/zxfb/202306/t20230615_1940627.html,2023年5月份社会消费品零售总额增长12.7%
ppi,2023-06,2023-07-10,https://www.stats.gov.cn/sj/zxfb/202307/t20230710_1941148.html,2023年6月份工业生产者出厂价格同比下降5.4% 环比下降0.8%
retail,2023-06,2023-07-17,https://www.stats.gov.cn/sj/zxfb/202307/t20230715_1941269.html,2023年上半年社会消费品零售总额增长8.2%
gdp,2023-Q2,2023-07-18,https://www.stats.gov.cn/sj/zxfb/202307/t20230717_1941310.html,2023年二季度和上半年国内生产总值初步核算结果
ppi,2023-07,2023-08-09,https://www.stats.gov.cn/sj/zxfb/202308/t20230809_1941864.html,2023年7月份工业生产者出厂价格同比下降4.4% 环比下降0.2%
retail,2023-07,2023-08-15,https://www.stats.gov.cn/sj/zxfb/202308/t20230815_1941958.html,2023年7月份社会消费品零售总额增长2.5%
ppi,2023-08,2023-09-09,https://www.stats.gov.cn/sj/zxfb/202309/t20230909_1942696.html,2023年8月份工业生产者出厂价格同比下降3.0%　环比上涨0.2%
retail,2023-08,2023-09-15,https://www.stats.gov.cn/sj/zxfb/202309/t20230915_1942849.html,2023年8月份社会消费品零售总额增长4.6%
ppi,2023-09,2023-10-13,https://www.stats.gov.cn/sj/zxfb/202310/t20231013_1943549.html,2023年9月份工业生产者出厂价格同比下降2.5% 环比上涨0.4%
retail,2023-09,2023-10-18,https://www.stats.gov.cn/sj/zxfb/202310/t20231018_1943658.html,2023年9月份社会消费品零售总额增长5.5%
gdp,2023-Q3,2023-10-19,https://www.stats.gov.cn/sj/zxfb/202310/t20231019_1943720.html,2023年三季度国内生产总值初步核算结果
ppi,2023-10,2023-11-09,https://www.stats.gov.cn/sj/zxfb/202311/t20231109_1944383.html,2023年10月份工业生产者出厂价格同比下降2.6% 环比持平
retail,2023-10,2023-11-15,https://www.stats.gov.cn/sj/zxfb/202311/t20231115_1944530.html,2023年10月份社会消费品零售总额增长7.6%
ppi,2023-11,2023-12-09,https://www.stats.gov.cn/sj/zxfb/202312/t20231209_1945395.html,2023年11月份工业生产者出厂价格同比下降3.0%　环比下降0.3%
retail,2023-11,2023-12-15,https://www.stats.gov.cn/sj/zxfb/202312/t20231215_1945575.html,2023年11月份社会消费品零售总额增长10.1%
ppi,2023-12,2024-01-12,https://www.stats.gov.cn/sj/zxfb/202401/t20240112_1946466.html,2023年12月份工业生产者出厂价格同比下降2.7% 环比下降0.3%
retail,2023-12,2024-01-17,https://www.stats.gov.cn/sj/zxfb/202401/t20240116_1946619.html,2023年12月份社会消费品零售总额增长7.4%
gdp,2023-Q4,2024-01-18,https://www.stats.gov.cn/sj/zxfb/202401/t20240118_1946691.html,2023年四季度和全年国内生产总值初步核算结果
ppi,2024-01,2024-02-08,https://www.stats.gov.cn/sj/zxfb/202402/t20240208_1947624.html,2024年1月份工业生产者出厂价格降幅收窄
ppi,2024-02,2024-03-09,https://www.stats.gov.cn/sj/zxfb/202403/t20240321_1948095.html,2024年2月份工业生产者出厂价格同比下降2.7% 环比下降0.2%
retail,2024-02,2024-03-18,https://www.stats.gov.cn/sj/zxfb/202403/t20240327_1948175.html,2024年1—2月份社会消费品零售总额增长5.5%
ppi,2024-03,2024-04-11,https://www.stats.gov.cn/sj/zxfb/202404/t20240411_1948465.html,2024年3月份工业生产者出厂价格同比下降2.8%
retail,2024-03,2024-04-16,https://www.stats.gov.cn/sj/zxfb/202404/t20240416_1948573.html,2024年3月份社会消费品零售总额增长3.1%
gdp,2024-Q1,2024-04-17,https://www.stats.gov.cn/sj/zxfb/202404/t20240429_1948771.html,2024年一季度国内生产总值初步核算结果
ppi,2024-04,2024-05-11,https://www.stats.gov.cn/sj/zxfb/202405/t20240511_1950304.html,2024年4月份工业生产者出厂价格同比降幅收窄
retail,2024-04,2024-05-17,https://www.stats.gov.cn/sj/zxfb/202405/t20240520_1950429.html,2024年4月份社会消费品零售总额增长2.3%
ppi,2024-05,2024-06-12,https://www.stats.gov.cn/sj/zxfb/202406/t20240612_1954520.html,2024年5月份工业生产者出厂价格同比降幅明显收窄 环比上涨
retail,2024-05,2024-06-17,https://www.stats.gov.cn/sj/zxfb/202406/t20240617_1954709.html,2024年5月份社会消费品零售总额增长3.7%
ppi,2024-06,2024-07-10,https://www.stats.gov.cn/sj/zxfb/202407/t20240710_1955509.html,2024年6月份工业生产者出厂价格同比降幅继续收窄
retail,2024-06,2024-07-15,https://www.stats.gov.cn/sj/zxfb/202407/t20240715_1955609.html,2024年1—6月份社会消费品零售总额同比增长3.7%
gdp,2024-Q2,2024-07-16,https://www.stats.gov.cn/sj/zxfb/202407/t20240716_1955649.html,2024年二季度和上半年国内生产总值初步核算结果
ppi,2024-07,2024-08-09,https://www.stats.gov.cn/sj/zxfb/202408/t20240809_1955949.html,2024年7月份工业生产者出厂价格降幅与上月相同
retail,2024-07,2024-08-15,https://www.stats.gov.cn/sj/zxfb/202408/t20240815_1955981.html,2024年7月份社会消费品零售总额增长2.7%
ppi,2024-08,2024-09-09,https://www.stats.gov.cn/sj/zxfb/202409/t20240909_1956310.html,2024年8月份工业生产者出厂价格同比下降1.8%
retail,2024-08,2024-09-14,https://www.stats.gov.cn/sj/zxfb/202409/t20240914_1956481.html,2024年8月份社会消费品零售总额增长2.1%
ppi,2024-09,2024-10-13,https://www.stats.gov.cn/sj/zxfb/202410/t20241013_1956898.html,2024年9月份工业生产者出厂价格同比降幅扩大 环比降幅收窄
retail,2024-09,2024-10-18,https://www.stats.gov.cn/sj/zxfb/202410/t20241018_1957039.html,2024年9月份社会消费品零售总额增长3.2%
gdp,2024-Q3,2024-10-19,https://www.stats.gov.cn/sj/zxfb/202410/t20241019_1957083.html,2024年三季度国内生产总值初步核算结果
ppi,2024-10,2024-11-09,https://www.stats.gov.cn/sj/zxfb/202411/t20241109_1957352.html,2024年10月份工业生产者出厂价格环比降幅收窄
retail,2024-10,2024-11-15,https://www.stats.gov.cn/sj/zxfb/202411/t20241115_1957427.html,2024年10月份社会消费品零售总额增长4.8%
ppi,2024-11,2024-12-09,https://www.stats.gov.cn/sj/zxfb/202412/t20241209_1957688.html,2024年11月份工业生产者出厂价格同比降幅收窄 环比由降转涨
retail,2024-11,2024-12-16,https://www.stats.gov.cn/sj/zxfb/202412/t20241216_1957759.html,2024年11月份社会消费品零售总额增长3.0%
ppi,2024-12,2025-01-09,https://www.stats.gov.cn/sj/zxfb/202501/t20250109_1958169.html,2024年12月份工业生产者出厂价格同比降幅收窄
retail,2024-12,2025-01-17,https://www.stats.gov.cn/sj/zxfb/202501/t20250117_1958327.html,2024年12月份社会消费品零售总额增长3.7%
gdp,2024-Q4,2025-01-18,https://www.stats.gov.cn/sj/zxfb/202501/t20250118_1958363.html,2024年四季度和全年国内生产总值初步核算结果
ppi,2025-01,2025-02-09,https://www.stats.gov.cn/sj/zxfb/202502/t20250209_1958645.html,2025年1月份工业生产者出厂价格同比下降2.3%
ppi,2025-02,2025-03-09,https://www.stats.gov.cn/sj/zxfb/202503/t20250309_1958914.html,2025年2月份工业生产者出厂价格同比、环比降幅均收窄
retail,2025-02,2025-03-17,https://www.stats.gov.cn/sj/zxfb/202503/t20250317_1959014.html,2025年1—2月份社会消费品零售总额增长4.0%
ppi,2025-03,2025-04-10,https://www.stats.gov.cn/sj/zxfb/202504/t20250410_1959260.html,2025年3月份工业生产者出厂价格同比下降2.5%
retail,2025-03,2025-04-16,https://www.stats.gov.cn/sj/zxfb/202504/t20250416_1959317.html,2025年3月份社会消费品零售总额增长5.9%
gdp,2025-Q1,2025-04-17,https://www.stats.gov.cn/sj/zxfb/202504/t20250417_1959334.html,2025年一季度国内生产总值初步核算结果
ppi,2025-04,2025-05-10,https://www.stats.gov.cn/sj/zxfb/202505/t20250510_1959770.html,2025年4月份工业生产者出厂价格同比下降2.7%
retail,2025-04,2025-05-19,https://www.stats.gov.cn/sj/zxfb/202505/t20250519_1959858.html,2025年4月份社会消费品零售总额增长5.1%
ppi,2025-05,2025-06-09,https://www.stats.gov.cn/sj/zxfb/202506/t20250609_1960093.html,2025年5月份工业生产者出厂价格同比下降3.3%
retail,2025-05,2025-06-16,https://www.stats.gov.cn/sj/zxfb/202506/t20250616_1960169.html,2025年5月份社会消费品零售总额增长6.4%
ppi,2025-06,2025-07-09,https://www.stats.gov.cn/sj/zxfb/202507/t20250709_1960367.html,2025年6月份工业生产者出厂价格同比下降3.6%
retail,2025-06,2025-07-15,https://www.stats.gov.cn/sj/zxfb/202507/t20250715_1960409.html,2025年6月份社会消费品零售总额增长4.8%
gdp,2025-Q2,2025-07-16,https://www.stats.gov.cn/sj/zxfb/202507/t20250716_1960426.html,2025年二季度和上半年国内生产总值初步核算结果
ppi,2025-07,2025-08-09,https://www.stats.gov.cn/sj/zxfb/202508/t20250809_1960634.html,2025年7月份工业生产者出厂价格环比降幅收窄
retail,2025-07,2025-08-15,https://www.stats.gov.cn/sj/zxfb/202508/t20250815_1960783.html,2025年7月份社会消费品零售总额增长3.7%
ppi,2025-08,2025-09-10,https://www.stats.gov.cn/sj/zxfb/202509/t20250910_1961108.html,2025年8月份工业生产者出厂价格同比降幅收窄 环比由降转平
retail,2025-08,2025-09-15,https://www.stats.gov.cn/sj/zxfb/202509/t20250915_1961177.html,2025年8月份社会消费品零售总额增长3.4%
ppi,2025-09,2025-10-15,https://www.stats.gov.cn/sj/zxfb/202510/t20251015_1961520.html,2025年9月份工业生产者出厂价格同比降幅继续收窄
retail,2025-09,2025-10-20,https://www.stats.gov.cn/sj/zxfb/202510/t20251020_1961606.html,2025年9月份社会消费品零售总额增长3.0%
gdp,2025-Q3,2025-10-21,https://www.stats.gov.cn/sj/zxfb/202510/t20251021_1961646.html,2025年三季度国内生产总值初步核算结果
ppi,2025-10,2025-11-09,https://www.stats.gov.cn/sj/zxfb/202511/t20251109_1961822.html,2025年10月份工业生产者出厂价格同比降幅继续收窄 环比由平转涨
retail,2025-10,2025-11-14,https://www.stats.gov.cn/sj/zxfb/202511/t20251114_1961852.html,2025年10月份社会消费品零售总额增长2.9%
ppi,2025-11,2025-12-10,https://www.stats.gov.cn/sj/zxfb/202512/t20251210_1962014.html,2025年11月份工业生产者出厂价格环比继续上涨
retail,2025-11,2025-12-15,https://www.stats.gov.cn/sj/zxfb/202512/t20251215_1962071.html,2025年11月份社会消费品零售总额增长1.3%
ppi,2025-12,2026-01-09,https://www.stats.gov.cn/sj/zxfb/202601/t20260109_1962272.html,2025年12月份工业生产者出厂价格同比降幅收窄 环比涨幅扩大
retail,2025-12,2026-01-19,https://www.stats.gov.cn/sj/zxfb/202601/t20260119_1962323.html,2025年12月份社会消费品零售总额增长0.9%
gdp,2025-Q4,2026-01-20,https://www.stats.gov.cn/sj/zxfb/202601/t20260120_1962349.html,2025年四季度和全年国内生产总值初步核算结果
ppi,2026-01,2026-02-11,https://www.stats.gov.cn/sj/zxfb/202602/t20260211_1962587.html,2026年1月份工业生产者出厂价格同比降幅收窄 环比涨幅扩大
ppi,2026-02,2026-03-09,https://www.stats.gov.cn/sj/zxfb/202603/t20260309_1962729.html,2026年2月份工业生产者出厂价格同比降幅收窄 环比继续上涨
retail,2026-02,2026-03-16,https://www.stats.gov.cn/sj/zxfb/202603/t20260316_1962786.html,2026年1—2月份社会消费品零售总额增长2.8%
ppi,2026-03,2026-04-10,https://www.stats.gov.cn/sj/zxfb/202604/t20260410_1963263.html,2026年3月份工业生产者出厂价格同比由降转涨 环比涨幅扩大
retail,2026-03,2026-04-16,https://www.stats.gov.cn/sj/zxfb/202604/t20260416_1963325.html,2026年3月份社会消费品零售总额增长1.7%
gdp,2026-Q1,2026-04-17,https://www.stats.gov.cn/sj/zxfb/202604/t20260417_1963336.html,2026年一季度国内生产总值初步核算结果
ppi,2026-04,2026-05-11,https://www.stats.gov.cn/sj/zxfb/202605/t20260511_1963658.html,2026年4月份工业生产者出厂价格同比上涨2.8% 环比上涨1.7%
retail,2026-04,2026-05-18,https://www.stats.gov.cn/sj/zxfb/202605/t20260518_1963727.html,2026年1—4月份社会消费品零售总额增长1.9%
ppi,2026-05,2026-06-10,https://www.stats.gov.cn/sj/zxfb/202606/t20260610_1963922.html,2026年5月份工业生产者出厂价格同比上涨3.9% 环比上涨0.5%
retail,2026-05,2026-06-16,https://www.stats.gov.cn/sj/zxfb/202606/t20260616_1963949.html,2026年1—5月份社会消费品零售总额增长1.4%
ppi,2026-06,2026-07-09,https://www.stats.gov.cn/sj/zxfb/202607/t20260709_1964083.html,2026年6月份工业生产者出厂价格同比上涨4.1% 环比下降0.3%
retail,2026-06,2026-07-15,https://www.stats.gov.cn/sj/zxfb/202607/t20260715_1964127.html,2026年上半年社会消费品零售总额增长1.3%
gdp,2026-Q2,2026-07-16,https://www.stats.gov.cn/sj/zxfb/202607/t20260716_1964142.html,2026年二季度和上半年国内生产总值初步核算结果
ppi,2026-07,2026-08-09,https://www.stats.gov.cn/sj/zxfb/202608/t20260809_1965007.html,2026年7月份工业生产者出厂价格同比上涨3.5%
retail,2026-07,2026-08-17,https://www.stats.gov.cn/sj/zxfb/202608/t20260817_1965052.html,2026年1—7月份社会消费品零售总额增长1.2%
ppi,2026-08,2026-09-09,https://www.stats.gov.cn/sj/zxfb/202609/t20260909_1965262.html,2026年8月份工业生产者出厂价格同比上涨3.8% 环比上涨0.4%
retail,2026-08,2026-09-15,https://www.stats.gov.cn/sj/zxfb/202609/t20260915_1965311.html,2026年1—8月份社会消费品零售总额增长1.1%
