observation_period,release_date,release_source_url,release_title
2011-06,2011-07-15,https://www.pbc.gov.cn/diaochatongjisi/116219/116225/2894895/index.html,2011年上半年社会融资规模统计数据报告
2011-09,2011-10-20,https://www.pbc.gov.cn/diaochatongjisi/116219/116225/2855104/index.html,2011年前三季度社会融资规模统计数据报告
2012-01,2012-02-17,https://www.pbc.gov.cn/diaochatongjisi/116219/116225/2858037/index.html,2012年1月社会融资规模统计数据报告
2012-02,2012-03-16,https://www.pbc.gov.cn/diaochatongjisi/116219/116225/2859043/index.html,2012年2月社会融资规模统计数据报告
2012-08,2012-09-11,https://www.pbc.gov.cn/diaochatongjisi/116219/116225/2880054/index.html,2012年8月社会融资规模统计数据报告
2012-09,2012-10-12,https://www.pbc.gov.cn/diaochatongjisi/116219/116225/2863840/index.html,2012年前三季度社会融资规模统计数据报告
2012-10,2012-11-12,https://www.pbc.gov.cn/diaochatongjisi/116219/116225/2864326/index.html,2012年10月社会融资规模统计数据报告
2012-11,2012-12-11,https://www.pbc.gov.cn/diaochatongjisi/116219/116225/2900313/index.html,2012年11月社会融资规模统计数据报告
2012-12,2013-01-10,https://www.pbc.gov.cn/diaochatongjisi/116219/116225/2886813/index.html,2012年社会融资规模统计数据报告
2013-01,2013-02-08,https://www.pbc.gov.cn/diaochatongjisi/116219/116225/2865730/index.html,2013年1月社会融资规模统计数据报告
2013-02,2013-03-10,https://www.pbc.gov.cn/diaochatongjisi/116219/116225/2866077/index.html,2013年2月社会融资规模统计数据报告
2013-03,2013-04-11,https://www.pbc.gov.cn/diaochatongjisi/116219/116225/2895270/index.html,2013年一季度社会融资规模统计数据报告
2013-04,2013-05-10,https://www.pbc.gov.cn/diaochatongjisi/116219/116225/2867172/index.html,2013年4月社会融资规模统计数据报告
2013-05,2013-06-09,https://www.pbc.gov.cn/diaochatongjisi/116219/116225/2867744/index.html,2013年5月社会融资规模统计数据报告
2013-06,2013-07-12,https://www.pbc.gov.cn/diaochatongjisi/116219/116225/2868520/index.html,2013年上半年社会融资规模统计数据报告
2013-07,2013-08-09,https://www.pbc.gov.cn/diaochatongjisi/116219/116225/2869193/index.html,2013年7月社会融资规模统计数据报告
2013-08,2013-09-10,https://www.pbc.gov.cn/diaochatongjisi/116219/116225/2886995/index.html,2013年8月社会融资规模统计数据报告
2013-09,2013-10-14,https://www.pbc.gov.cn/diaochatongjisi/116219/116225/2870426/index.html,2013年前三季度社会融资规模统计数据报告
2013-10,2013-11-11,https://www.pbc.gov.cn/diaochatongjisi/116219/116225/2870913/index.html,2013年10月社会融资规模统计数据报告
2013-11,2013-12-11,https://www.pbc.gov.cn/diaochatongjisi/116219/116225/2804631/index.html,2013年11月社会融资规模统计数据报告
2013-12,2014-01-15,https://www.pbc.gov.cn/diaochatongjisi/116219/116225/2878581/index.html,2013年社会融资规模统计数据报告
2014-01,2014-02-15,https://www.pbc.gov.cn/diaochatongjisi/116219/116225/2888756/index.html,2014年1月社会融资规模统计数据报告
2014-02,2014-03-10,https://www.pbc.gov.cn/diaochatongjisi/116219/116225/2805554/index.html,2014年2月社会融资规模统计数据报告
2014-03,2014-04-15,https://www.pbc.gov.cn/diaochatongjisi/116219/116225/2806213/index.html,2014年一季度社会融资规模统计数据报告
2014-04,2014-05-12,https://www.pbc.gov.cn/diaochatongjisi/116219/116225/2873177/index.html,2014年4月社会融资规模统计数据报告
2014-05,2014-06-12,https://www.pbc.gov.cn/diaochatongjisi/116219/116225/2806934/index.html,2014年5月社会融资规模统计数据报告
2014-06,2014-07-15,https://www.pbc.gov.cn/diaochatongjisi/116219/116225/2807329/index.html,2014年上半年社会融资规模统计数据报告
2014-07,2014-08-13,https://www.pbc.gov.cn/diaochatongjisi/116219/116225/2807852/index.html,2014年7月社会融资规模统计数据报告
2014-08,2014-09-12,https://www.pbc.gov.cn/diaochatongjisi/116219/116225/2808143/index.html,2014年8月社会融资规模统计数据报告
2014-09,2014-10-16,https://www.pbc.gov.cn/diaochatongjisi/116219/116225/2808622/index.html,2014年前三季度社会融资规模统计数据报告
2014-10,2014-11-14,https://www.pbc.gov.cn/diaochatongjisi/116219/116225/2809116/index.html,2014年10月社会融资规模统计数据报告
2014-11,2014-12-12,https://www.pbc.gov.cn/diaochatongjisi/116219/116225/2809595/index.html,2014年11月社会融资规模统计数据报告
2014-12,2015-01-15,https://www.pbc.gov.cn/diaochatongjisi/116219/116225/2887153/index.html,2014年社会融资规模统计数据报告
2015-01,2015-02-13,https://www.pbc.gov.cn/diaochatongjisi/116219/116225/2875134/index.html,2015年1月份社会融资规模增量统计数据报告
2015-02,2015-03-12,https://www.pbc.gov.cn/diaochatongjisi/116219/116225/2873297/index.html,2015年2月社会融资规模增量统计数据报告
2015-03,2015-04-14,https://www.pbc.gov.cn/diaochatongjisi/116219/116225/2811577/index.html,2015年一季度社会融资规模增量统计数据报告
2015-04,2015-05-13,https://www.pbc.gov.cn/diaochatongjisi/116219/116225/2812115/index.html,2015年4月社会融资规模增量统计数据报告
2015-05,2015-06-11,https://www.pbc.gov.cn/diaochatongjisi/116219/116225/2812788/index.html,2015年5月社会融资规模增量统计数据报告
2015-06,2015-07-14,https://www.pbc.gov.cn/diaochatongjisi/116219/116225/2813714/index.html,2015年上半年社会融资规模增量统计数据报告
2015-07,2015-08-11,https://www.pbc.gov.cn/diaochatongjisi/116219/116225/6f92bff8a70c4456b127b50ddf44cea9/index.html,2015年7月社会融资规模增量统计数据报告
2015-08,2015-09-11,https://www.pbc.gov.cn/diaochatongjisi/116219/116225/8f89fa5e15374fb3892f0f27437a0bad/index.html,2015年8月社会融资规模增量统计数据报告
2015-09,2015-10-15,https://www.pbc.gov.cn/diaochatongjisi/116219/116225/a06ef580e4ea4674bce3341b3e658a3d/index.html,2015年前三季度社会融资规模增量统计数据报告
2015-10,2015-11-12,https://www.pbc.gov.cn/diaochatongjisi/116219/116225/dead98f8678b46a589b4e445c3e58a3d/index.html,2015年10月社会融资规模增量统计数据报告
2015-11,2015-12-11,https://www.pbc.gov.cn/diaochatongjisi/116219/116225/bdc796fc097c4e1b90b802103a7f5e1d/index.html,2015年11月社会融资规模增量统计数据报告
2015-12,2016-01-15,https://www.pbc.gov.cn/diaochatongjisi/116219/116225/fbcffbf3668b4a9885a7e00c4ed2f8ae/index.html,2015年社会融资规模增量统计数据报告
2016-01,2016-02-16,https://www.pbc.gov.cn/diaochatongjisi/116219/116225/4a8ed64ca81d4a548f139081574ea1d9/index.html,2016年1月社会融资规模增量统计数据报告
2016-02,2016-03-11,https://www.pbc.gov.cn/diaochatongjisi/116219/116225/23c504535b2c4eb6ad62d4687c0e95f0/index.html,2016年2月社会融资规模增量统计数据报告
2016-03,2016-04-15,https://www.pbc.gov.cn/diaochatongjisi/116219/116225/b30bdfcfa36b49c8a9c7f0cf5a5fdda5/index.html,2016年一季度社会融资规模增量统计数据报告
2016-04,2016-05-13,https://www.pbc.gov.cn/diaochatongjisi/116219/116225/b687eef4b91045f4acc2ab5e97861b86/index.html,2016年4月社会融资规模增量统计数据报告
2016-05,2016-06-15,https://www.pbc.gov.cn/diaochatongjisi/116219/116225/d2fd6029d70740c7914922ab5875a060/index.html,2016年5月社会融资规模增量统计数据报告
2016-06,2016-07-15,https://www.pbc.gov.cn/diaochatongjisi/116219/116225/3cb8d1d0d1bf4d2bada4c98ab0be6f63/index.html,2016年上半年社会融资规模增量统计数据报告
2016-07,2016-08-12,https://www.pbc.gov.cn/diaochatongjisi/116219/116225/75b3b9b6c04c4cd6941858351ab805d6/index.html,2016年7月社会融资规模增量统计数据报告
2016-08,2016-09-14,https://www.pbc.gov.cn/diaochatongjisi/116219/116225/27323628c88c4378be7016b3ba5db25a/index.html,2016年8月社会融资规模增量统计数据报告
2016-09,2016-10-18,https://www.pbc.gov.cn/diaochatongjisi/116219/116225/f97f5154ea8a4bc98ae42720bf6a793b/index.html,2016年前三季度社会融资规模增量统计数据报告
2016-10,2016-11-11,https://www.pbc.gov.cn/diaochatongjisi/116219/116225/060fec1660ba4380aeb787e7d9b21dc9/index.html,2016年10月社会融资规模增量统计数据报告
2016-11,2016-12-14,https://www.pbc.gov.cn/diaochatongjisi/116219/116225/c712928200c44a6bbd8f7384939ee692/index.html,2016年11月社会融资规模增量统计数据报告
2016-12,2017-01-12,https://www.pbc.gov.cn/diaochatongjisi/116219/116225/1b900ffdc44f4781a7cc851f0b13149f/index.html,2016年社会融资规模增量统计数据报告
2017-01,2017-02-14,https://www.pbc.gov.cn/diaochatongjisi/116219/116225/6436bcebd2964b4cba69f046de6b3a90/index.html,2017年1月社会融资规模增量统计数据报告
2017-02,2017-03-09,https://www.pbc.gov.cn/diaochatongjisi/116219/116225/4754c93f908c4188ab733ef5e9cbbabb/index.html,2017年2月社会融资规模增量统计数据报告
2017-03,2017-04-14,https://www.pbc.gov.cn/diaochatongjisi/116219/116225/50b5349d34b5441c90aa157f87d95423/index.html,2017年一季度社会融资规模增量统计数据报告
2017-04,2017-05-12,https://www.pbc.gov.cn/diaochatongjisi/116219/116225/fdbb69bc0d8d4822a2ad812ef619e68a/index.html,2017年4月社会融资规模增量统计数据报告
2017-05,2017-06-14,https://www.pbc.gov.cn/diaochatongjisi/116219/116225/a3870421a7c94dda9999b595aa6e6491/index.html,2017年5月社会融资规模增量统计数据报告
2017-06,2017-07-12,https://www.pbc.gov.cn/diaochatongjisi/116219/116225/3b2f61a326b04979a3ec31aab4b89edf/index.html,2017年上半年社会融资规模增量统计数据报告
2017-07,2017-08-15,https://www.pbc.gov.cn/diaochatongjisi/116219/116225/45436ecd4bfa4576ba83e6e402fcd30c/index.html,2017年7月社会融资规模增量统计数据报告
2017-08,2017-09-15,https://www.pbc.gov.cn/diaochatongjisi/116219/116225/9234aa0c207c484e820fb8df382755f8/index.html,2017年8月社会融资规模增量统计数据报告
2017-09,2017-10-14,https://www.pbc.gov.cn/diaochatongjisi/116219/116225/aae12e64d29b4883aed50cc3077d947f/index.html,2017年前三季度社会融资规模增量统计数据报告
2017-10,2017-11-13,https://www.pbc.gov.cn/diaochatongjisi/116219/116225/8466d51cf1d34780a1064e63020108d9/index.html,2017年10月社会融资规模增量统计数据报告
2017-11,2017-12-11,https://www.pbc.gov.cn/diaochatongjisi/116219/116225/1f7f10c5698f4948ae954452834721fa/index.html,2017年11月社会融资规模增量统计数据报告
2017-12,2018-01-12,https://www.pbc.gov.cn/diaochatongjisi/116219/116225/66d62dca096b4e618c8401c02d7ae850/index.html,2017年社会融资规模增量统计数据报告
2018-01,2018-02-12,https://www.pbc.gov.cn/diaochatongjisi/116219/116225/94635f6301a3425faa1ea66cd2ee8d57/index.html,2018年1月社会融资规模增量统计数据报告
2018-02,2018-03-09,https://www.pbc.gov.cn/diaochatongjisi/116219/116225/5d7985c36d004bccac1f0eb0f6262966/index.html,2018年2月社会融资规模增量统计数据报告
2018-03,2018-04-13,https://www.pbc.gov.cn/diaochatongjisi/116219/116225/12b15eee34404ff1a40cf71dbbf2d124/index.html,2018年一季度社会融资规模增量统计数据报告
2018-04,2018-05-11,https://www.pbc.gov.cn/diaochatongjisi/116219/116225/99d58b90894f4110afdbf306dcdbbf69/index.html,2018年4月社会融资规模增量统计数据报告
2018-05,2018-06-12,https://www.pbc.gov.cn/diaochatongjisi/116219/116225/cbac3c8e63a94443bbf4de80ebcc37ab/index.html,2018年5月社会融资规模增量统计数据报告
2018-06,2018-07-13,https://www.pbc.gov.cn/diaochatongjisi/116219/116225/b0d4ef020c4d4d6f90f21e04b841734a/index.html,2018年上半年社会融资规模增量统计数据报告
2018-07,2018-08-13,https://www.pbc.gov.cn/diaochatongjisi/116219/116225/060ccf383b7145a0a4367fcb83bd36c0/index.html,2018年7月社会融资规模增量统计数据报告
2018-08,2018-09-12,https://www.pbc.gov.cn/diaochatongjisi/116219/116225/6393c2f885d34d8eb63527efbf172ac1/index.html,2018年8月社会融资规模增量统计数据报告
2018-09,2018-10-17,https://www.pbc.gov.cn/diaochatongjisi/116219/116225/0292e00581a04f6e977269752824c70a/index.html,2018年前三季度社会融资规模增量统计数据报告
2018-10,2018-11-13,https://www.pbc.gov.cn/diaochatongjisi/116219/116225/3aec23e7e9564decb33d6e6ce30db31e/index.html,2018年10月社会融资规模增量统计数据报告
2018-11,2018-12-11,https://www.pbc.gov.cn/diaochatongjisi/116219/116225/a5c7cdc174d04973bee4b5a209f5e204/index.html,2018年11月社会融资规模增量统计数据报告
2018-12,2019-01-15,https://www.pbc.gov.cn/diaochatongjisi/116219/116225/c4f6d24037914401a3e42abd1c97c700/index.html,2018年社会融资规模增量统计数据报告
2019-01,2019-02-15,https://www.pbc.gov.cn/diaochatongjisi/116219/116225/a3c95582b58b45eda93af1e06f8338d3/index.html,2019年1月社会融资规模增量统计数据报告
2019-02,2019-03-10,https://www.pbc.gov.cn/diaochatongjisi/116219/116225/8f63506a2e7c4a73b9ad72f7ff04ce0a/index.html,2019年2月社会融资规模增量统计数据报告
2019-03,2019-04-12,https://www.pbc.gov.cn/diaochatongjisi/116219/116225/d76913cf8d9b4389a786c7843bd3b388/index.html,2019年一季度社会融资规模增量统计数据报告
2019-04,2019-05-09,https://www.pbc.gov.cn/diaochatongjisi/116219/116225/f577d70d28f84665951edb7efb71b205/index.html,2019年4月社会融资规模增量统计数据报告
2019-05,2019-06-12,https://www.pbc.gov.cn/diaochatongjisi/116219/116225/a48a8bf6c7664e8db0c47030a37c1e68/index.html,2019年5月社会融资规模增量统计数据报告
2019-06,2019-07-12,https://www.pbc.gov.cn/diaochatongjisi/116219/116225/48d57b5f9dbf4828bac46c8435baae6f/index.html,2019年上半年社会融资规模增量统计数据报告
2019-07,2019-08-12,https://www.pbc.gov.cn/diaochatongjisi/116219/116225/0037cf3f5cb9439da4110af674673c08/index.html,2019年7月社会融资规模增量统计数据报告
2019-08,2019-09-11,https://www.pbc.gov.cn/diaochatongjisi/116219/116225/bf6fe9e4da404eb68fc87501ff27fcc2/index.html,2019年8月社会融资规模增量统计数据报告
2019-09,2019-10-15,https://www.pbc.gov.cn/diaochatongjisi/116219/116225/12b579c9d6d54fe6a651cd2a26f10698/index.html,2019年前三季度社会融资规模增量统计数据报告
2019-10,2019-11-11,https://www.pbc.gov.cn/diaochatongjisi/116219/116225/6f88982bee3c4edf857f5cbe6e2cc956/index.html,2019年10月社会融资规模增量统计数据报告
2019-11,2019-12-10,https://www.pbc.gov.cn/diaochatongjisi/116219/116225/3890262cadae4fe28d4776c2035afdbe/index.html,2019年11月社会融资规模增量统计数据报告
2019-12,2020-01-16,https://www.pbc.gov.cn/diaochatongjisi/116219/116225/bd75c79578194aa49693a40f57d17977/index.html,2019年社会融资规模增量统计数据报告
2020-01,2020-02-20,https://www.pbc.gov.cn/diaochatongjisi/116219/116225/63a6313fafb44b06bd499c6dda5b1e10/index.html,2020年1月社会融资规模增量统计数据报告
2020-02,2020-03-11,https://www.pbc.gov.cn/diaochatongjisi/116219/116225/47a89a948719473985e79cd2c0a63217/index.html,2020年2月社会融资规模增量统计数据报告
2020-03,2020-04-10,https://www.pbc.gov.cn/diaochatongjisi/116219/116225/3674e9fd75944984a9cb4b8f5d74adcc/index.html,2020年一季度社会融资规模增量统计数据报告
2020-04,2020-05-11,https://www.pbc.gov.cn/diaochatongjisi/116219/116225/1dd7c3207cfc4fc9a26f5d900a4af579/index.html,2020年4月社会融资规模增量统计数据报告
2020-05,2020-06-10,https://www.pbc.gov.cn/diaochatongjisi/116219/116225/090f4abcbc1648f79c99e128263bdbd7/index.html,2020年5月社会融资规模增量统计数据报告
2020-06,2020-07-10,https://www.pbc.gov.cn/diaochatongjisi/116219/116225/5e235188e407434eb436f895bbe7e3f2/index.html,2020年上半年社会融资规模增量统计数据报告
2020-07,2020-08-11,https://www.pbc.gov.cn/diaochatongjisi/116219/116225/213c33d5a0814736a3cb4afc074829fb/index.html,2020年7月社会融资规模增量统计数据报告
2020-08,2020-09-11,https://www.pbc.gov.cn/diaochatongjisi/116219/116225/436bcdf6c8704cab92534e3541995914/index.html,2020年8月社会融资规模增量统计数据报告
2020-09,2020-10-14,https://www.pbc.gov.cn/diaochatongjisi/116219/116225/39781e1c94974a44b279bf9ba4a0183e/index.html,2020年前三季度社会融资规模增量统计数据报告
2020-10,2020-11-11,https://www.pbc.gov.cn/diaochatongjisi/116219/116225/009b7162d47a4fc2b67d507c011210e3/index.html,2020年10月社会融资规模增量统计数据报告
2020-11,2020-12-09,https://www.pbc.gov.cn/diaochatongjisi/116219/116225/f1f1a91d78734682ba27bf5e68f8b42a/index.html,2020年11月社会融资规模增量统计数据报告
2020-12,2021-01-12,https://www.pbc.gov.cn/diaochatongjisi/116219/116225/06d26063ee3842a3b4b7284382ebaada/index.html,2020年社会融资规模增量统计数据报告
2021-01,2021-02-09,https://www.pbc.gov.cn/diaochatongjisi/116219/116225/09c9e8475b564166ab7e5e1875529dab/index.html,2021年1月社会融资规模增量统计数据报告
2021-02,2021-03-10,https://www.pbc.gov.cn/diaochatongjisi/116219/116225/207f1834bd244867a6924dae5dc311b9/index.html,2021年2月社会融资规模增量统计数据报告
2021-03,2021-04-12,https://www.pbc.gov.cn/diaochatongjisi/116219/116225/da0159737eb248468d4826865e2ecd3a/index.html,2021年一季度社会融资规模增量统计数据报告
2021-04,2021-05-12,https://www.pbc.gov.cn/diaochatongjisi/116219/116225/20ef00c1daf34233940196d8113bcfdb/index.html,2021年4月社会融资规模增量统计数据报告
2021-05,2021-06-10,https://www.pbc.gov.cn/diaochatongjisi/116219/116225/fe1d7e196983488f8179b397ad1851c0/index.html,2021年5月社会融资规模增量统计数据报告
2021-06,2021-07-09,https://www.pbc.gov.cn/diaochatongjisi/116219/116225/a793fe6a612644fbbba43b5afb1a0532/index.html,2021年上半年社会融资规模增量统计数据报告
2021-07,2021-08-11,https://www.pbc.gov.cn/diaochatongjisi/116219/116225/0dc4a2dd60e74609bb59e652c2783180/index.html,2021年7月社会融资规模增量统计数据报告
2021-08,2021-09-10,https://www.pbc.gov.cn/diaochatongjisi/116219/116225/8adc9feb44d249a5bd079ffac92bbdba/index.html,2021年8月社会融资规模增量统计数据报告
2021-09,2021-10-13,https://www.pbc.gov.cn/diaochatongjisi/116219/116225/6ee5fabc89db43509b827f32b2cccf4e/index.html,2021年前三季度社会融资规模增量统计数据报告
2021-10,2021-11-10,https://www.pbc.gov.cn/diaochatongjisi/116219/116225/060353e3475841a3a8335d734584dba5/index.html,2021年10月社会融资规模增量统计数据报告
2021-11,2021-12-09,https://www.pbc.gov.cn/diaochatongjisi/116219/116225/faa976fa4fce438187d7be75d2ef810f/index.html,2021年11月社会融资规模增量统计数据报告
2021-12,2022-01-12,https://www.pbc.gov.cn/diaochatongjisi/116219/116225/3051eaa129284cae9ece5e5a109fc951/index.html,2021年社会融资规模增量统计数据报告
2022-01,2022-02-10,https://www.pbc.gov.cn/diaochatongjisi/116219/116225/8826399de63e4463b10f6c60a2e927a5/index.html,2022年1月社会融资规模增量统计数据报告
2022-02,2022-03-11,https://www.pbc.gov.cn/diaochatongjisi/116219/116225/e359ed6ec45848809e2539ed0da5d6a3/index.html,2022年2月社会融资规模增量统计数据报告
2022-03,2022-04-11,https://www.pbc.gov.cn/diaochatongjisi/116219/116225/0d562ce73b4c4918a09402ded21f6987/index.html,2022年一季度社会融资规模增量统计数据报告
2022-04,2022-05-13,https://www.pbc.gov.cn/diaochatongjisi/116219/116225/afdb0fe29d4444b3b24ed9a8df69bf83/index.html,2022年4月社会融资规模增量统计数据报告
2022-05,2022-06-10,https://www.pbc.gov.cn/diaochatongjisi/116219/116225/09ece5e2db124155b7e3b6800f4e34be/index.html,2022年5月社会融资规模增量统计数据报告
2022-06,2022-07-11,https://www.pbc.gov.cn/diaochatongjisi/116219/116225/da105e572fc54baaad1bee3d96f06b1c/index.html,2022年上半年社会融资规模增量统计数据报告
2022-07,2022-08-12,https://www.pbc.gov.cn/diaochatongjisi/116219/116225/8ef2eb7c3d954ed49c5c2e1b28153797/index.html,2022年7月社会融资规模增量统计数据报告
2022-08,2022-09-09,https://www.pbc.gov.cn/diaochatongjisi/116219/116225/369a0dca8c9b40a3a0dffcd8b98fdb17/index.html,2022年8月社会融资规模增量统计数据报告
2022-09,2022-10-11,https://www.pbc.gov.cn/diaochatongjisi/116219/116225/fe7254937c4c48a587b0a6e3c1d6dba5/index.html,2022年前三季度社会融资规模增量统计数据报告
2022-10,2022-11-10,https://www.pbc.gov.cn/diaochatongjisi/116219/116225/aa9f6708343245359814138dad70f74a/index.html,2022年10月社会融资规模增量统计数据报告
2022-11,2022-12-12,https://www.pbc.gov.cn/diaochatongjisi/116219/116225/905a82aff74f46b2a85829522d016afc/index.html,2022年11月社会融资规模增量统计数据报告
2022-12,2023-01-10,https://www.pbc.gov.cn/diaochatongjisi/116219/116225/76eb157c3e964915b9adcba2f4d0c643/index.html,2022年社会融资规模增量统计数据报告
2023-01,2023-02-10,https://www.pbc.gov.cn/diaochatongjisi/116219/116225/08913263a9fc4b398ca36a34d3356ed7/index.html,2023年1月社会融资规模增量统计数据报告
2023-02,2023-03-10,https://www.pbc.gov.cn/diaochatongjisi/116219/116225/10efa07960ae4dc687872f7a52489a7c/index.html,2023年2月社会融资规模增量统计数据报告
2023-03,2023-04-11,https://www.pbc.gov.cn/diaochatongjisi/116219/116225/c512e1903d2940028ca5285cc9a2287e/index.html,2023年一季度社会融资规模增量统计数据报告
2023-04,2023-05-11,https://www.pbc.gov.cn/diaochatongjisi/116219/116225/b0bb99815f124e06929d73a4c93c2be2/index.html,2023年4月社会融资规模增量统计数据报告
2023-05,2023-06-13,https://www.pbc.gov.cn/diaochatongjisi/116219/116225/92cec080515049f58811a7108ada6c34/index.html,2023年5月社会融资规模增量统计数据报告
2023-06,2023-07-11,https://www.pbc.gov.cn/diaochatongjisi/116219/116225/626f0af44cca4c10a7352dac70b2f3e6/index.html,2023年上半年社会融资规模增量统计数据报告
2023-07,2023-08-11,https://www.pbc.gov.cn/diaochatongjisi/116219/116225/47f1e744b5654016a25bf9127823073a/index.html,2023年7月社会融资规模增量统计数据报告
2023-08,2023-09-11,https://www.pbc.gov.cn/diaochatongjisi/116219/116225/723d31a0915a4e2caf97b1fa02030640/index.html,2023年8月社会融资规模增量统计数据报告
2023-09,2023-10-13,https://www.pbc.gov.cn/diaochatongjisi/116219/116225/46d26f1e0c4240eab705ce0ea2a40ebc/index.html,2023年前三季度社会融资规模增量统计数据报告
2023-10,2023-11-13,https://www.pbc.gov.cn/diaochatongjisi/116219/116225/821ce1dded74440e9a4d06208af2170c/index.html,2023年10月社会融资规模增量统计数据报告
2023-11,2023-12-13,https://www.pbc.gov.cn/diaochatongjisi/116219/116225/5514fd0fcd584a21b5f5f761fead459a/index.html,2023年11月社会融资规模增量统计数据报告
2023-12,2024-01-12,https://www.pbc.gov.cn/diaochatongjisi/116219/116225/2a6db318ee1c4af684037b0414ed411b/index.html,2023年社会融资规模增量统计数据报告
2024-01,2024-02-09,https://www.pbc.gov.cn/diaochatongjisi/116219/116225/d3cea9a15135428c8ecb623c90117476/index.html,2024年1月社会融资规模增量统计数据报告
2024-02,2024-03-15,https://www.pbc.gov.cn/diaochatongjisi/116219/116225/c9173564e2db494ca1e4023d63d1e5b4/index.html,2024年2月社会融资规模增量统计数据报告
2024-03,2024-04-12,https://www.pbc.gov.cn/diaochatongjisi/116219/116225/cbaf9d4deb874483adeb72163ba97b7b/index.html,2024年一季度社会融资规模增量统计数据报告
2024-04,2024-05-11,https://www.pbc.gov.cn/diaochatongjisi/116219/116225/2a9ff820444d42ce855114bb82473bbe/index.html,2024年4月社会融资规模增量统计数据报告
2024-05,2024-06-14,https://www.pbc.gov.cn/diaochatongjisi/116219/116225/4547b8beed7a4ec2b00eb3267fb83e53/index.html,2024年5月社会融资规模增量统计数据报告
2024-06,2024-07-12,https://www.pbc.gov.cn/diaochatongjisi/116219/116225/b041fc0852834d2fb4badd164b3228dd/index.html,2024年上半年社会融资规模增量统计数据报告
2024-07,2024-08-13,https://www.pbc.gov.cn/diaochatongjisi/116219/116225/988eaca0ab0b4ac7918b2bfe17477d6f/index.html,2024年7月社会融资规模增量统计数据报告
2024-08,2024-09-13,https://www.pbc.gov.cn/diaochatongjisi/116219/116225/373dac1b6d60401199aedf83e8513380/index.html,2024年8月社会融资规模增量统计数据报告
2024-09,2024-10-14,https://www.pbc.gov.cn/diaochatongjisi/116219/116225/37fce88395f94291b223bde31bce878a/index.html,2024年前三季度社会融资规模增量统计数据报告
2024-10,2024-11-11,https://www.pbc.gov.cn/diaochatongjisi/116219/116225/9bef14011fa3468f99c82cda832eae73/index.html,2024年10月社会融资规模增量统计数据报告
2024-11,2024-12-13,https://www.pbc.gov.cn/diaochatongjisi/116219/116225/902098a6afb84b6ea3aa13bb6135da7a/index.html,2024年11月社会融资规模增量统计数据报告
2024-12,2025-01-14,https://www.pbc.gov.cn/diaochatongjisi/116219/116225/55758b7d91ee4fcf8b79adc16cc87b13/index.html,2024年社会融资规模增量统计数据报告
2025-01,2025-02-14,https://www.pbc.gov.cn/goutongjiaoliu/113456/113469/2025092212554594361/index.html,2025年1月社会融资规模增量统计数据报告
2025-02,2025-03-14,https://www.pbc.gov.cn/diaochatongjisi/116219/116225/2025080618505035955/index.html,2025年2月社会融资规模增量统计数据报告
2025-03,2025-04-13,https://www.pbc.gov.cn/diaochatongjisi/116219/116225/2025080618505029659/index.html,2025年一季度社会融资规模增量统计数据报告
2025-04,2025-05-14,https://www.pbc.gov.cn/diaochatongjisi/116219/116225/2025080618505053336/index.html,2025年4月社会融资规模增量统计数据报告
2025-05,2025-06-13,https://www.pbc.gov.cn/diaochatongjisi/116219/116225/2025080618505079602/index.html,2025年5月社会融资规模增量统计数据报告
2025-06,2025-07-14,https://www.pbc.gov.cn/diaochatongjisi/116219/116225/2025080618505047467/index.html,2025年上半年社会融资规模增量统计数据报告
2025-07,2025-08-13,https://www.pbc.gov.cn/diaochatongjisi/116219/116225/aa6b70461fd047c587722091c45956be/index.html,2025年7月社会融资规模增量统计数据报告
2025-08,2025-09-12,https://www.pbc.gov.cn/diaochatongjisi/116219/116225/523c260b344c4f1390664430295064a9/index.html,2025年8月社会融资规模增量统计数据报告
2025-09,2025-10-15,https://www.pbc.gov.cn/diaochatongjisi/116219/116225/dded7449c74144a19171f582bec9ed36/index.html,2025年前三季度金融统计数据报告
2025-10,2025-11-13,https://www.pbc.gov.cn/diaochatongjisi/116219/116225/f294561578884c22878d115780ba7c08/index.html,2025年10月金融统计数据报告
2025-11,2025-12-12,https://www.pbc.gov.cn/diaochatongjisi/116219/116225/2025121217132789688/index.html,2025年11月金融统计数据报告
2025-12,2026-01-15,https://www.pbc.gov.cn/diaochatongjisi/116219/116225/2026011515015720511/index.html,2025年金融统计数据报告
2026-01,2026-02-13,https://www.pbc.gov.cn/diaochatongjisi/116219/116225/2026021317031040775/index.html,2026年1月金融统计数据报告
2026-02,2026-03-13,https://www.pbc.gov.cn/diaochatongjisi/116219/116225/2026031317020260950/index.html,2026年2月金融统计数据报告
2026-03,2026-04-13,https://www.pbc.gov.cn/diaochatongjisi/116219/116225/2026041317011944771/index.html,2026年一季度金融统计数据报告
2026-04,2026-05-14,https://www.pbc.gov.cn/diaochatongjisi/116219/116225/2026051417030520490/index.html,2026年4月金融统计数据报告
2026-05,2026-06-12,https://www.pbc.gov.cn/diaochatongjisi/116219/116225/2026061217051611931/index.html,2026年5月金融统计数据报告
2026-06,2026-07-15,https://www.pbc.gov.cn/diaochatongjisi/116219/116225/2026071515025183948/index.html,2026年上半年金融统计数据报告
2026-07,2026-08-14,https://www.pbc.gov.cn/diaochatongjisi/116219/116225/2026081416320925645/index.html,2026年7月金融统计数据报告
2026-08,2026-09-14,https://www.pbc.gov.cn/diaochatongjisi/116219/116225/2026091417020862747/index.html,2026年8月金融统计数据报告
