dataset,day,count
gdp,16,4
gdp,17,3
gdp,18,5
gdp,19,5
gdp,20,1
gdp,21,1
gdp,24,1
hk_m2,26,1
hk_m2,27,3
hk_m2,28,21
hk_m2,29,27
hk_m2,30,57
hk_m2,31,72
ppi,8,1
ppi,9,29
ppi,10,12
ppi,11,8
ppi,12,4
ppi,13,2
ppi,14,1
ppi,15,1
ppi,16,1
retail,14,2
retail,15,23
retail,16,10
retail,17,7
retail,18,5
retail,19,2
retail,20,1
retail,24,1
social_financing,8,1
social_financing,9,11
social_financing,10,20
social_financing,11,33
social_financing,12,33
social_financing,13,25
social_financing,14,21
social_financing,15,20
social_financing,16,4
social_financing,17,2
social_financing,18,1
social_financing,20,2
