dataset,observation_period,release_date,release_source_url,day,days_before_month_end,combined_retail_period
social_financing,2011-06,2011-07-15,https://www.pbc.gov.cn/diaochatongjisi/116219/116225/2894895/index.html,15,16,False
hk_m2,2011-08,2011-09-30,https://www.hkma.gov.hk/eng/news-and-media/press-releases/2011/09/20110930-5/,30,0,False
social_financing,2011-09,2011-10-20,https://www.pbc.gov.cn/diaochatongjisi/116219/116225/2855104/index.html,20,11,False
hk_m2,2011-09,2011-10-31,https://www.hkma.gov.hk/eng/news-and-media/press-releases/2011/10/20111031-6/,31,0,False
hk_m2,2011-10,2011-11-30,https://www.hkma.gov.hk/eng/news-and-media/press-releases/2011/11/20111130-5/,30,0,False
hk_m2,2011-11,2011-12-30,https://www.hkma.gov.hk/eng/news-and-media/press-releases/2011/12/20111230-6/,30,1,False
hk_m2,2011-12,2012-01-31,https://www.hkma.gov.hk/eng/news-and-media/press-releases/2012/01/20120131-6/,31,0,False
social_financing,2012-01,2012-02-17,https://www.pbc.gov.cn/diaochatongjisi/116219/116225/2858037/index.html,17,12,False
hk_m2,2012-01,2012-02-29,https://www.hkma.gov.hk/eng/news-and-media/press-releases/2012/02/20120229-5/,29,0,False
social_financing,2012-02,2012-03-16,https://www.pbc.gov.cn/diaochatongjisi/116219/116225/2859043/index.html,16,15,False
hk_m2,2012-02,2012-03-30,https://www.hkma.gov.hk/eng/news-and-media/press-releases/2012/03/20120330-5/,30,1,False
hk_m2,2012-03,2012-04-30,https://www.hkma.gov.hk/eng/news-and-media/press-releases/2012/04/20120430-5/,30,0,False
hk_m2,2012-04,2012-05-31,https://www.hkma.gov.hk/eng/news-and-media/press-releases/2012/05/20120531-4/,31,0,False
hk_m2,2012-05,2012-06-29,https://www.hkma.gov.hk/eng/news-and-media/press-releases/2012/06/20120629-5/,29,1,False
hk_m2,2012-06,2012-07-31,https://www.hkma.gov.hk/eng/news-and-media/press-releases/2012/07/20120731-5/,31,0,False
hk_m2,2012-07,2012-08-31,https://www.hkma.gov.hk/eng/news-and-media/press-releases/2012/08/20120831-5/,31,0,False
social_financing,2012-08,2012-09-11,https://www.pbc.gov.cn/diaochatongjisi/116219/116225/2880054/index.html,11,19,False
hk_m2,2012-08,2012-09-28,https://www.hkma.gov.hk/eng/news-and-media/press-releases/2012/09/20120928-6/,28,2,False
social_financing,2012-09,2012-10-12,https://www.pbc.gov.cn/diaochatongjisi/116219/116225/2863840/index.html,12,19,False
hk_m2,2012-09,2012-10-31,https://www.hkma.gov.hk/eng/news-and-media/press-releases/2012/10/20121031-3/,31,0,False
social_financing,2012-10,2012-11-12,https://www.pbc.gov.cn/diaochatongjisi/116219/116225/2864326/index.html,12,18,False
hk_m2,2012-10,2012-11-30,https://www.hkma.gov.hk/eng/news-and-media/press-releases/2012/11/20121130-4/,30,0,False
social_financing,2012-11,2012-12-11,https://www.pbc.gov.cn/diaochatongjisi/116219/116225/2900313/index.html,11,20,False
hk_m2,2012-11,2012-12-31,https://www.hkma.gov.hk/eng/news-and-media/press-releases/2012/12/20121231-6/,31,0,False
social_financing,2012-12,2013-01-10,https://www.pbc.gov.cn/diaochatongjisi/116219/116225/2886813/index.html,10,21,False
hk_m2,2012-12,2013-01-31,https://www.hkma.gov.hk/eng/news-and-media/press-releases/2013/01/20130131-5/,31,0,False
social_financing,2013-01,2013-02-08,https://www.pbc.gov.cn/diaochatongjisi/116219/116225/2865730/index.html,8,20,False
hk_m2,2013-01,2013-02-28,https://www.hkma.gov.hk/eng/news-and-media/press-releases/2013/02/20130228-5/,28,0,False
social_financing,2013-02,2013-03-10,https://www.pbc.gov.cn/diaochatongjisi/116219/116225/2866077/index.html,10,21,False
hk_m2,2013-02,2013-03-28,https://www.hkma.gov.hk/eng/news-and-media/press-releases/2013/03/20130328-3/,28,3,False
social_financing,2013-03,2013-04-11,https://www.pbc.gov.cn/diaochatongjisi/116219/116225/2895270/index.html,11,19,False
hk_m2,2013-03,2013-04-30,https://www.hkma.gov.hk/eng/news-and-media/press-releases/2013/04/20130430-3/,30,0,False
social_financing,2013-04,2013-05-10,https://www.pbc.gov.cn/diaochatongjisi/116219/116225/2867172/index.html,10,21,False
hk_m2,2013-04,2013-05-31,https://www.hkma.gov.hk/eng/news-and-media/press-releases/2013/05/20130531-3/,31,0,False
social_financing,2013-05,2013-06-09,https://www.pbc.gov.cn/diaochatongjisi/116219/116225/2867744/index.html,9,21,False
hk_m2,2013-05,2013-06-28,https://www.hkma.gov.hk/eng/news-and-media/press-releases/2013/06/20130628-5/,28,2,False
social_financing,2013-06,2013-07-12,https://www.pbc.gov.cn/diaochatongjisi/116219/116225/2868520/index.html,12,19,False
hk_m2,2013-06,2013-07-31,https://www.hkma.gov.hk/eng/news-and-media/press-releases/2013/07/20130731-6/,31,0,False
social_financing,2013-07,2013-08-09,https://www.pbc.gov.cn/diaochatongjisi/116219/116225/2869193/index.html,9,22,False
hk_m2,2013-07,2013-08-30,https://www.hkma.gov.hk/eng/news-and-media/press-releases/2013/08/20130830-5/,30,1,False
social_financing,2013-08,2013-09-10,https://www.pbc.gov.cn/diaochatongjisi/116219/116225/2886995/index.html,10,20,False
hk_m2,2013-08,2013-09-30,https://www.hkma.gov.hk/eng/news-and-media/press-releases/2013/09/20130930-7/,30,0,False
social_financing,2013-09,2013-10-14,https://www.pbc.gov.cn/diaochatongjisi/116219/116225/2870426/index.html,14,17,False
hk_m2,2013-09,2013-10-31,https://www.hkma.gov.hk/eng/news-and-media/press-releases/2013/10/20131031-5/,31,0,False
social_financing,2013-10,2013-11-11,https://www.pbc.gov.cn/diaochatongjisi/116219/116225/2870913/index.html,11,19,False
hk_m2,2013-10,2013-11-29,https://www.hkma.gov.hk/eng/news-and-media/press-releases/2013/11/20131129-6/,29,1,False
social_financing,2013-11,2013-12-11,https://www.pbc.gov.cn/diaochatongjisi/116219/116225/2804631/index.html,11,20,False
hk_m2,2013-11,2013-12-31,https://www.hkma.gov.hk/eng/news-and-media/press-releases/2013/12/20131231-6/,31,0,False
social_financing,2013-12,2014-01-15,https://www.pbc.gov.cn/diaochatongjisi/116219/116225/2878581/index.html,15,16,False
hk_m2,2013-12,2014-01-30,https://www.hkma.gov.hk/eng/news-and-media/press-releases/2014/01/20140130-5/,30,1,False
social_financing,2014-01,2014-02-15,https://www.pbc.gov.cn/diaochatongjisi/116219/116225/2888756/index.html,15,13,False
hk_m2,2014-01,2014-02-28,https://www.hkma.gov.hk/eng/news-and-media/press-releases/2014/02/20140228-5/,28,0,False
social_financing,2014-02,2014-03-10,https://www.pbc.gov.cn/diaochatongjisi/116219/116225/2805554/index.html,10,21,False
hk_m2,2014-02,2014-03-31,https://www.hkma.gov.hk/eng/news-and-media/press-releases/2014/03/20140331-6/,31,0,False
social_financing,2014-03,2014-04-15,https://www.pbc.gov.cn/diaochatongjisi/116219/116225/2806213/index.html,15,15,False
hk_m2,2014-03,2014-04-30,https://www.hkma.gov.hk/eng/news-and-media/press-releases/2014/04/20140430-6/,30,0,False
social_financing,2014-04,2014-05-12,https://www.pbc.gov.cn/diaochatongjisi/116219/116225/2873177/index.html,12,19,False
hk_m2,2014-04,2014-05-30,https://www.hkma.gov.hk/eng/news-and-media/press-releases/2014/05/20140530-7/,30,1,False
social_financing,2014-05,2014-06-12,https://www.pbc.gov.cn/diaochatongjisi/116219/116225/2806934/index.html,12,18,False
hk_m2,2014-05,2014-06-30,https://www.hkma.gov.hk/eng/news-and-media/press-releases/2014/06/20140630-6/,30,0,False
social_financing,2014-06,2014-07-15,https://www.pbc.gov.cn/diaochatongjisi/116219/116225/2807329/index.html,15,16,False
hk_m2,2014-06,2014-07-31,https://www.hkma.gov.hk/eng/news-and-media/press-releases/2014/07/20140731-5/,31,0,False
social_financing,2014-07,2014-08-13,https://www.pbc.gov.cn/diaochatongjisi/116219/116225/2807852/index.html,13,18,False
hk_m2,2014-07,2014-08-29,https://www.hkma.gov.hk/eng/news-and-media/press-releases/2014/08/20140829-5/,29,2,False
social_financing,2014-08,2014-09-12,https://www.pbc.gov.cn/diaochatongjisi/116219/116225/2808143/index.html,12,18,False
hk_m2,2014-08,2014-09-30,https://www.hkma.gov.hk/eng/news-and-media/press-releases/2014/09/20140930-7/,30,0,False
social_financing,2014-09,2014-10-16,https://www.pbc.gov.cn/diaochatongjisi/116219/116225/2808622/index.html,16,15,False
hk_m2,2014-09,2014-10-31,https://www.hkma.gov.hk/eng/news-and-media/press-releases/2014/10/20141031-7/,31,0,False
social_financing,2014-10,2014-11-14,https://www.pbc.gov.cn/diaochatongjisi/116219/116225/2809116/index.html,14,16,False
hk_m2,2014-10,2014-11-28,https://www.hkma.gov.hk/eng/news-and-media/press-releases/2014/11/20141128-8/,28,2,False
social_financing,2014-11,2014-12-12,https://www.pbc.gov.cn/diaochatongjisi/116219/116225/2809595/index.html,12,19,False
hk_m2,2014-11,2014-12-31,https://www.hkma.gov.hk/eng/news-and-media/press-releases/2014/12/20141231-5/,31,0,False
social_financing,2014-12,2015-01-15,https://www.pbc.gov.cn/diaochatongjisi/116219/116225/2887153/index.html,15,16,False
hk_m2,2014-12,2015-01-30,https://www.hkma.gov.hk/eng/news-and-media/press-releases/2015/01/20150130-5/,30,1,False
social_financing,2015-01,2015-02-13,https://www.pbc.gov.cn/diaochatongjisi/116219/116225/2875134/index.html,13,15,False
hk_m2,2015-01,2015-02-27,https://www.hkma.gov.hk/eng/news-and-media/press-releases/2015/02/20150227-6/,27,1,False
social_financing,2015-02,2015-03-12,https://www.pbc.gov.cn/diaochatongjisi/116219/116225/2873297/index.html,12,19,False
hk_m2,2015-02,2015-03-31,https://www.hkma.gov.hk/eng/news-and-media/press-releases/2015/03/20150331-6/,31,0,False
social_financing,2015-03,2015-04-14,https://www.pbc.gov.cn/diaochatongjisi/116219/116225/2811577/index.html,14,16,False
hk_m2,2015-03,2015-04-30,https://www.hkma.gov.hk/eng/news-and-media/press-releases/2015/04/20150430-5/,30,0,False
social_financing,2015-04,2015-05-13,https://www.pbc.gov.cn/diaochatongjisi/116219/116225/2812115/index.html,13,18,False
hk_m2,2015-04,2015-05-29,https://www.hkma.gov.hk/eng/news-and-media/press-releases/2015/05/20150529-6/,29,2,False
social_financing,2015-05,2015-06-11,https://www.pbc.gov.cn/diaochatongjisi/116219/116225/2812788/index.html,11,19,False
hk_m2,2015-05,2015-06-30,https://www.hkma.gov.hk/eng/news-and-media/press-releases/2015/06/20150630-6/,30,0,False
social_financing,2015-06,2015-07-14,https://www.pbc.gov.cn/diaochatongjisi/116219/116225/2813714/index.html,14,17,False
hk_m2,2015-06,2015-07-31,https://www.hkma.gov.hk/eng/news-and-media/press-releases/2015/07/20150731-6/,31,0,False
social_financing,2015-07,2015-08-11,https://www.pbc.gov.cn/diaochatongjisi/116219/116225/6f92bff8a70c4456b127b50ddf44cea9/index.html,11,20,False
hk_m2,2015-07,2015-08-31,https://www.hkma.gov.hk/eng/news-and-media/press-releases/2015/08/20150831-5/,31,0,False
social_financing,2015-08,2015-09-11,https://www.pbc.gov.cn/diaochatongjisi/116219/116225/8f89fa5e15374fb3892f0f27437a0bad/index.html,11,19,False
hk_m2,2015-08,2015-09-30,https://www.hkma.gov.hk/eng/news-and-media/press-releases/2015/09/20150930-5/,30,0,False
social_financing,2015-09,2015-10-15,https://www.pbc.gov.cn/diaochatongjisi/116219/116225/a06ef580e4ea4674bce3341b3e658a3d/index.html,15,16,False
hk_m2,2015-09,2015-10-30,https://www.hkma.gov.hk/eng/news-and-media/press-releases/2015/10/20151030-6/,30,1,False
social_financing,2015-10,2015-11-12,https://www.pbc.gov.cn/diaochatongjisi/116219/116225/dead98f8678b46a589b4e445c3e58a3d/index.html,12,18,False
hk_m2,2015-10,2015-11-30,https://www.hkma.gov.hk/eng/news-and-media/press-releases/2015/11/20151130-5/,30,0,False
social_financing,2015-11,2015-12-11,https://www.pbc.gov.cn/diaochatongjisi/116219/116225/bdc796fc097c4e1b90b802103a7f5e1d/index.html,11,20,False
hk_m2,2015-11,2015-12-31,https://www.hkma.gov.hk/eng/news-and-media/press-releases/2015/12/20151231-4/,31,0,False
social_financing,2015-12,2016-01-15,https://www.pbc.gov.cn/diaochatongjisi/116219/116225/fbcffbf3668b4a9885a7e00c4ed2f8ae/index.html,15,16,False
hk_m2,2015-12,2016-01-29,https://www.hkma.gov.hk/eng/news-and-media/press-releases/2016/01/20160129-6/,29,2,False
social_financing,2016-01,2016-02-16,https://www.pbc.gov.cn/diaochatongjisi/116219/116225/4a8ed64ca81d4a548f139081574ea1d9/index.html,16,13,False
hk_m2,2016-01,2016-02-29,https://www.hkma.gov.hk/eng/news-and-media/press-releases/2016/02/20160229-6/,29,0,False
social_financing,2016-02,2016-03-11,https://www.pbc.gov.cn/diaochatongjisi/116219/116225/23c504535b2c4eb6ad62d4687c0e95f0/index.html,11,20,False
hk_m2,2016-02,2016-03-31,https://www.hkma.gov.hk/eng/news-and-media/press-releases/2016/03/20160331-6/,31,0,False
social_financing,2016-03,2016-04-15,https://www.pbc.gov.cn/diaochatongjisi/116219/116225/b30bdfcfa36b49c8a9c7f0cf5a5fdda5/index.html,15,15,False
hk_m2,2016-03,2016-04-29,https://www.hkma.gov.hk/eng/news-and-media/press-releases/2016/04/20160429-6/,29,1,False
social_financing,2016-04,2016-05-13,https://www.pbc.gov.cn/diaochatongjisi/116219/116225/b687eef4b91045f4acc2ab5e97861b86/index.html,13,18,False
hk_m2,2016-04,2016-05-31,https://www.hkma.gov.hk/eng/news-and-media/press-releases/2016/05/20160531-5/,31,0,False
social_financing,2016-05,2016-06-15,https://www.pbc.gov.cn/diaochatongjisi/116219/116225/d2fd6029d70740c7914922ab5875a060/index.html,15,15,False
hk_m2,2016-05,2016-06-30,https://www.hkma.gov.hk/eng/news-and-media/press-releases/2016/06/20160630-6/,30,0,False
social_financing,2016-06,2016-07-15,https://www.pbc.gov.cn/diaochatongjisi/116219/116225/3cb8d1d0d1bf4d2bada4c98ab0be6f63/index.html,15,16,False
hk_m2,2016-06,2016-07-29,https://www.hkma.gov.hk/eng/news-and-media/press-releases/2016/07/20160729-9/,29,2,False
social_financing,2016-07,2016-08-12,https://www.pbc.gov.cn/diaochatongjisi/116219/116225/75b3b9b6c04c4cd6941858351ab805d6/index.html,12,19,False
hk_m2,2016-07,2016-08-31,https://www.hkma.gov.hk/eng/news-and-media/press-releases/2016/08/20160831-3/,31,0,False
social_financing,2016-08,2016-09-14,https://www.pbc.gov.cn/diaochatongjisi/116219/116225/27323628c88c4378be7016b3ba5db25a/index.html,14,16,False
hk_m2,2016-08,2016-09-30,https://www.hkma.gov.hk/eng/news-and-media/press-releases/2016/09/20160930-5/,30,0,False
social_financing,2016-09,2016-10-18,https://www.pbc.gov.cn/diaochatongjisi/116219/116225/f97f5154ea8a4bc98ae42720bf6a793b/index.html,18,13,False
hk_m2,2016-09,2016-10-31,https://www.hkma.gov.hk/eng/news-and-media/press-releases/2016/10/20161031-5/,31,0,False
social_financing,2016-10,2016-11-11,https://www.pbc.gov.cn/diaochatongjisi/116219/116225/060fec1660ba4380aeb787e7d9b21dc9/index.html,11,19,False
hk_m2,2016-10,2016-11-30,https://www.hkma.gov.hk/eng/news-and-media/press-releases/2016/11/20161130-5/,30,0,False
social_financing,2016-11,2016-12-14,https://www.pbc.gov.cn/diaochatongjisi/116219/116225/c712928200c44a6bbd8f7384939ee692/index.html,14,17,False
hk_m2,2016-11,2016-12-30,https://www.hkma.gov.hk/eng/news-and-media/press-releases/2016/12/20161230-3/,30,1,False
social_financing,2016-12,2017-01-12,https://www.pbc.gov.cn/diaochatongjisi/116219/116225/1b900ffdc44f4781a7cc851f0b13149f/index.html,12,19,False
hk_m2,2016-12,2017-01-27,https://www.hkma.gov.hk/eng/news-and-media/press-releases/2017/01/20170127-7/,27,4,False
social_financing,2017-01,2017-02-14,https://www.pbc.gov.cn/diaochatongjisi/116219/116225/6436bcebd2964b4cba69f046de6b3a90/index.html,14,14,False
hk_m2,2017-01,2017-02-28,https://www.hkma.gov.hk/eng/news-and-media/press-releases/2017/02/20170228-6/,28,0,False
social_financing,2017-02,2017-03-09,https://www.pbc.gov.cn/diaochatongjisi/116219/116225/4754c93f908c4188ab733ef5e9cbbabb/index.html,9,22,False
hk_m2,2017-02,2017-03-31,https://www.hkma.gov.hk/eng/news-and-media/press-releases/2017/03/20170331-5/,31,0,False
social_financing,2017-03,2017-04-14,https://www.pbc.gov.cn/diaochatongjisi/116219/116225/50b5349d34b5441c90aa157f87d95423/index.html,14,16,False
hk_m2,2017-03,2017-04-28,https://www.hkma.gov.hk/eng/news-and-media/press-releases/2017/04/20170428-6/,28,2,False
social_financing,2017-04,2017-05-12,https://www.pbc.gov.cn/diaochatongjisi/116219/116225/fdbb69bc0d8d4822a2ad812ef619e68a/index.html,12,19,False
hk_m2,2017-04,2017-05-31,https://www.hkma.gov.hk/eng/news-and-media/press-releases/2017/05/20170531-5/,31,0,False
social_financing,2017-05,2017-06-14,https://www.pbc.gov.cn/diaochatongjisi/116219/116225/a3870421a7c94dda9999b595aa6e6491/index.html,14,16,False
hk_m2,2017-05,2017-06-30,https://www.hkma.gov.hk/eng/news-and-media/press-releases/2017/06/20170630-6/,30,0,False
social_financing,2017-06,2017-07-12,https://www.pbc.gov.cn/diaochatongjisi/116219/116225/3b2f61a326b04979a3ec31aab4b89edf/index.html,12,19,False
hk_m2,2017-06,2017-07-31,https://www.hkma.gov.hk/eng/news-and-media/press-releases/2017/07/20170731-6/,31,0,False
social_financing,2017-07,2017-08-15,https://www.pbc.gov.cn/diaochatongjisi/116219/116225/45436ecd4bfa4576ba83e6e402fcd30c/index.html,15,16,False
hk_m2,2017-07,2017-08-31,https://www.hkma.gov.hk/eng/news-and-media/press-releases/2017/08/20170831-6/,31,0,False
social_financing,2017-08,2017-09-15,https://www.pbc.gov.cn/diaochatongjisi/116219/116225/9234aa0c207c484e820fb8df382755f8/index.html,15,15,False
hk_m2,2017-08,2017-09-29,https://www.hkma.gov.hk/eng/news-and-media/press-releases/2017/09/20170929-6/,29,1,False
social_financing,2017-09,2017-10-14,https://www.pbc.gov.cn/diaochatongjisi/116219/116225/aae12e64d29b4883aed50cc3077d947f/index.html,14,17,False
hk_m2,2017-09,2017-10-31,https://www.hkma.gov.hk/eng/news-and-media/press-releases/2017/10/20171031-6/,31,0,False
social_financing,2017-10,2017-11-13,https://www.pbc.gov.cn/diaochatongjisi/116219/116225/8466d51cf1d34780a1064e63020108d9/index.html,13,17,False
hk_m2,2017-10,2017-11-30,https://www.hkma.gov.hk/eng/news-and-media/press-releases/2017/11/20171130-6/,30,0,False
social_financing,2017-11,2017-12-11,https://www.pbc.gov.cn/diaochatongjisi/116219/116225/1f7f10c5698f4948ae954452834721fa/index.html,11,20,False
hk_m2,2017-11,2017-12-29,https://www.hkma.gov.hk/eng/news-and-media/press-releases/2017/12/20171229-7/,29,2,False
social_financing,2017-12,2018-01-12,https://www.pbc.gov.cn/diaochatongjisi/116219/116225/66d62dca096b4e618c8401c02d7ae850/index.html,12,19,False
hk_m2,2017-12,2018-01-31,https://www.hkma.gov.hk/eng/news-and-media/press-releases/2018/01/20180131-5/,31,0,False
social_financing,2018-01,2018-02-12,https://www.pbc.gov.cn/diaochatongjisi/116219/116225/94635f6301a3425faa1ea66cd2ee8d57/index.html,12,16,False
hk_m2,2018-01,2018-02-28,https://www.hkma.gov.hk/eng/news-and-media/press-releases/2018/02/20180228-6/,28,0,False
social_financing,2018-02,2018-03-09,https://www.pbc.gov.cn/diaochatongjisi/116219/116225/5d7985c36d004bccac1f0eb0f6262966/index.html,9,22,False
hk_m2,2018-02,2018-03-29,https://www.hkma.gov.hk/eng/news-and-media/press-releases/2018/03/20180329-5/,29,2,False
social_financing,2018-03,2018-04-13,https://www.pbc.gov.cn/diaochatongjisi/116219/116225/12b15eee34404ff1a40cf71dbbf2d124/index.html,13,17,False
hk_m2,2018-03,2018-04-30,https://www.hkma.gov.hk/eng/news-and-media/press-releases/2018/04/20180430-8/,30,0,False
social_financing,2018-04,2018-05-11,https://www.pbc.gov.cn/diaochatongjisi/116219/116225/99d58b90894f4110afdbf306dcdbbf69/index.html,11,20,False
hk_m2,2018-04,2018-05-31,https://www.hkma.gov.hk/eng/news-and-media/press-releases/2018/05/20180531-6/,31,0,False
social_financing,2018-05,2018-06-12,https://www.pbc.gov.cn/diaochatongjisi/116219/116225/cbac3c8e63a94443bbf4de80ebcc37ab/index.html,12,18,False
hk_m2,2018-05,2018-06-29,https://www.hkma.gov.hk/eng/news-and-media/press-releases/2018/06/20180629-6/,29,1,False
social_financing,2018-06,2018-07-13,https://www.pbc.gov.cn/diaochatongjisi/116219/116225/b0d4ef020c4d4d6f90f21e04b841734a/index.html,13,18,False
hk_m2,2018-06,2018-07-31,https://www.hkma.gov.hk/eng/news-and-media/press-releases/2018/07/20180731-8/,31,0,False
social_financing,2018-07,2018-08-13,https://www.pbc.gov.cn/diaochatongjisi/116219/116225/060ccf383b7145a0a4367fcb83bd36c0/index.html,13,18,False
hk_m2,2018-07,2018-08-31,https://www.hkma.gov.hk/eng/news-and-media/press-releases/2018/08/20180831-7/,31,0,False
social_financing,2018-08,2018-09-12,https://www.pbc.gov.cn/diaochatongjisi/116219/116225/6393c2f885d34d8eb63527efbf172ac1/index.html,12,18,False
hk_m2,2018-08,2018-09-28,https://www.hkma.gov.hk/eng/news-and-media/press-releases/2018/09/20180928-9/,28,2,False
social_financing,2018-09,2018-10-17,https://www.pbc.gov.cn/diaochatongjisi/116219/116225/0292e00581a04f6e977269752824c70a/index.html,17,14,False
hk_m2,2018-09,2018-10-31,https://www.hkma.gov.hk/eng/news-and-media/press-releases/2018/10/20181031-5/,31,0,False
social_financing,2018-10,2018-11-13,https://www.pbc.gov.cn/diaochatongjisi/116219/116225/3aec23e7e9564decb33d6e6ce30db31e/index.html,13,17,False
hk_m2,2018-10,2018-11-30,https://www.hkma.gov.hk/eng/news-and-media/press-releases/2018/11/20181130-6/,30,0,False
social_financing,2018-11,2018-12-11,https://www.pbc.gov.cn/diaochatongjisi/116219/116225/a5c7cdc174d04973bee4b5a209f5e204/index.html,11,20,False
hk_m2,2018-11,2018-12-31,https://www.hkma.gov.hk/eng/news-and-media/press-releases/2018/12/20181231-4/,31,0,False
social_financing,2018-12,2019-01-15,https://www.pbc.gov.cn/diaochatongjisi/116219/116225/c4f6d24037914401a3e42abd1c97c700/index.html,15,16,False
hk_m2,2018-12,2019-01-31,https://www.hkma.gov.hk/eng/news-and-media/press-releases/2019/01/20190131-8/,31,0,False
social_financing,2019-01,2019-02-15,https://www.pbc.gov.cn/diaochatongjisi/116219/116225/a3c95582b58b45eda93af1e06f8338d3/index.html,15,13,False
hk_m2,2019-01,2019-02-28,https://www.hkma.gov.hk/eng/news-and-media/press-releases/2019/02/20190228-6/,28,0,False
social_financing,2019-02,2019-03-10,https://www.pbc.gov.cn/diaochatongjisi/116219/116225/8f63506a2e7c4a73b9ad72f7ff04ce0a/index.html,10,21,False
hk_m2,2019-02,2019-03-29,https://www.hkma.gov.hk/eng/news-and-media/press-releases/2019/03/20190329-7/,29,2,False
social_financing,2019-03,2019-04-12,https://www.pbc.gov.cn/diaochatongjisi/116219/116225/d76913cf8d9b4389a786c7843bd3b388/index.html,12,18,False
hk_m2,2019-03,2019-04-30,https://www.hkma.gov.hk/eng/news-and-media/press-releases/2019/04/20190430-8/,30,0,False
social_financing,2019-04,2019-05-09,https://www.pbc.gov.cn/diaochatongjisi/116219/116225/f577d70d28f84665951edb7efb71b205/index.html,9,22,False
hk_m2,2019-04,2019-05-31,https://www.hkma.gov.hk/eng/news-and-media/press-releases/2019/05/20190531-8/,31,0,False
social_financing,2019-05,2019-06-12,https://www.pbc.gov.cn/diaochatongjisi/116219/116225/a48a8bf6c7664e8db0c47030a37c1e68/index.html,12,18,False
hk_m2,2019-05,2019-06-28,https://www.hkma.gov.hk/eng/news-and-media/press-releases/2019/06/20190628-9/,28,2,False
social_financing,2019-06,2019-07-12,https://www.pbc.gov.cn/diaochatongjisi/116219/116225/48d57b5f9dbf4828bac46c8435baae6f/index.html,12,19,False
hk_m2,2019-06,2019-07-31,https://www.hkma.gov.hk/eng/news-and-media/press-releases/2019/07/20190731-8/,31,0,False
social_financing,2019-07,2019-08-12,https://www.pbc.gov.cn/diaochatongjisi/116219/116225/0037cf3f5cb9439da4110af674673c08/index.html,12,19,False
hk_m2,2019-07,2019-08-30,https://www.hkma.gov.hk/eng/news-and-media/press-releases/2019/08/20190830-6/,30,1,False
social_financing,2019-08,2019-09-11,https://www.pbc.gov.cn/diaochatongjisi/116219/116225/bf6fe9e4da404eb68fc87501ff27fcc2/index.html,11,19,False
hk_m2,2019-08,2019-09-30,https://www.hkma.gov.hk/eng/news-and-media/press-releases/2019/09/20190930-7/,30,0,False
social_financing,2019-09,2019-10-15,https://www.pbc.gov.cn/diaochatongjisi/116219/116225/12b579c9d6d54fe6a651cd2a26f10698/index.html,15,16,False
hk_m2,2019-09,2019-10-31,https://www.hkma.gov.hk/eng/news-and-media/press-releases/2019/10/20191031-8/,31,0,False
social_financing,2019-10,2019-11-11,https://www.pbc.gov.cn/diaochatongjisi/116219/116225/6f88982bee3c4edf857f5cbe6e2cc956/index.html,11,19,False
hk_m2,2019-10,2019-11-29,https://www.hkma.gov.hk/eng/news-and-media/press-releases/2019/11/20191129-6/,29,1,False
social_financing,2019-11,2019-12-10,https://www.pbc.gov.cn/diaochatongjisi/116219/116225/3890262cadae4fe28d4776c2035afdbe/index.html,10,21,False
hk_m2,2019-11,2019-12-31,https://www.hkma.gov.hk/eng/news-and-media/press-releases/2019/12/20191231-6/,31,0,False
social_financing,2019-12,2020-01-16,https://www.pbc.gov.cn/diaochatongjisi/116219/116225/bd75c79578194aa49693a40f57d17977/index.html,16,15,False
hk_m2,2019-12,2020-01-31,https://www.hkma.gov.hk/eng/news-and-media/press-releases/2020/01/20200131-7/,31,0,False
social_financing,2020-01,2020-02-20,https://www.pbc.gov.cn/diaochatongjisi/116219/116225/63a6313fafb44b06bd499c6dda5b1e10/index.html,20,9,False
hk_m2,2020-01,2020-02-28,https://www.hkma.gov.hk/eng/news-and-media/press-releases/2020/02/20200228-7/,28,1,False
social_financing,2020-02,2020-03-11,https://www.pbc.gov.cn/diaochatongjisi/116219/116225/47a89a948719473985e79cd2c0a63217/index.html,11,20,False
hk_m2,2020-02,2020-03-31,https://www.hkma.gov.hk/eng/news-and-media/press-releases/2020/03/20200331-6/,31,0,False
social_financing,2020-03,2020-04-10,https://www.pbc.gov.cn/diaochatongjisi/116219/116225/3674e9fd75944984a9cb4b8f5d74adcc/index.html,10,20,False
hk_m2,2020-03,2020-04-29,https://www.hkma.gov.hk/eng/news-and-media/press-releases/2020/04/20200429-7/,29,1,False
social_financing,2020-04,2020-05-11,https://www.pbc.gov.cn/diaochatongjisi/116219/116225/1dd7c3207cfc4fc9a26f5d900a4af579/index.html,11,20,False
hk_m2,2020-04,2020-05-29,https://www.hkma.gov.hk/eng/news-and-media/press-releases/2020/05/20200529-6/,29,2,False
social_financing,2020-05,2020-06-10,https://www.pbc.gov.cn/diaochatongjisi/116219/116225/090f4abcbc1648f79c99e128263bdbd7/index.html,10,20,False
hk_m2,2020-05,2020-06-30,https://www.hkma.gov.hk/eng/news-and-media/press-releases/2020/06/20200630-9/,30,0,False
social_financing,2020-06,2020-07-10,https://www.pbc.gov.cn/diaochatongjisi/116219/116225/5e235188e407434eb436f895bbe7e3f2/index.html,10,21,False
hk_m2,2020-06,2020-07-31,https://www.hkma.gov.hk/eng/news-and-media/press-releases/2020/07/20200731-8/,31,0,False
social_financing,2020-07,2020-08-11,https://www.pbc.gov.cn/diaochatongjisi/116219/116225/213c33d5a0814736a3cb4afc074829fb/index.html,11,20,False
hk_m2,2020-07,2020-08-31,https://www.hkma.gov.hk/eng/news-and-media/press-releases/2020/08/20200831-7/,31,0,False
social_financing,2020-08,2020-09-11,https://www.pbc.gov.cn/diaochatongjisi/116219/116225/436bcdf6c8704cab92534e3541995914/index.html,11,19,False
hk_m2,2020-08,2020-09-30,https://www.hkma.gov.hk/eng/news-and-media/press-releases/2020/09/20200930-6/,30,0,False
social_financing,2020-09,2020-10-14,https://www.pbc.gov.cn/diaochatongjisi/116219/116225/39781e1c94974a44b279bf9ba4a0183e/index.html,14,17,False
hk_m2,2020-09,2020-10-30,https://www.hkma.gov.hk/eng/news-and-media/press-releases/2020/10/20201030-7/,30,1,False
social_financing,2020-10,2020-11-11,https://www.pbc.gov.cn/diaochatongjisi/116219/116225/009b7162d47a4fc2b67d507c011210e3/index.html,11,19,False
hk_m2,2020-10,2020-11-30,https://www.hkma.gov.hk/eng/news-and-media/press-releases/2020/11/20201130-7/,30,0,False
social_financing,2020-11,2020-12-09,https://www.pbc.gov.cn/diaochatongjisi/116219/116225/f1f1a91d78734682ba27bf5e68f8b42a/index.html,9,22,False
hk_m2,2020-11,2020-12-31,https://www.hkma.gov.hk/eng/news-and-media/press-releases/2020/12/20201231-7/,31,0,False
social_financing,2020-12,2021-01-12,https://www.pbc.gov.cn/diaochatongjisi/116219/116225/06d26063ee3842a3b4b7284382ebaada/index.html,12,19,False
hk_m2,2020-12,2021-01-29,https://www.hkma.gov.hk/eng/news-and-media/press-releases/2021/01/20210129-7/,29,2,False
social_financing,2021-01,2021-02-09,https://www.pbc.gov.cn/diaochatongjisi/116219/116225/09c9e8475b564166ab7e5e1875529dab/index.html,9,19,False
hk_m2,2021-01,2021-02-26,https://www.hkma.gov.hk/eng/news-and-media/press-releases/2021/02/20210226-6/,26,2,False
social_financing,2021-02,2021-03-10,https://www.pbc.gov.cn/diaochatongjisi/116219/116225/207f1834bd244867a6924dae5dc311b9/index.html,10,21,False
hk_m2,2021-02,2021-03-31,https://www.hkma.gov.hk/eng/news-and-media/press-releases/2021/03/20210331-6/,31,0,False
social_financing,2021-03,2021-04-12,https://www.pbc.gov.cn/diaochatongjisi/116219/116225/da0159737eb248468d4826865e2ecd3a/index.html,12,18,False
hk_m2,2021-03,2021-04-30,https://www.hkma.gov.hk/eng/news-and-media/press-releases/2021/04/20210430-7/,30,0,False
social_financing,2021-04,2021-05-12,https://www.pbc.gov.cn/diaochatongjisi/116219/116225/20ef00c1daf34233940196d8113bcfdb/index.html,12,19,False
hk_m2,2021-04,2021-05-31,https://www.hkma.gov.hk/eng/news-and-media/press-releases/2021/05/20210531-8/,31,0,False
social_financing,2021-05,2021-06-10,https://www.pbc.gov.cn/diaochatongjisi/116219/116225/fe1d7e196983488f8179b397ad1851c0/index.html,10,20,False
hk_m2,2021-05,2021-06-30,https://www.hkma.gov.hk/eng/news-and-media/press-releases/2021/06/20210630-8/,30,0,False
social_financing,2021-06,2021-07-09,https://www.pbc.gov.cn/diaochatongjisi/116219/116225/a793fe6a612644fbbba43b5afb1a0532/index.html,9,22,False
hk_m2,2021-06,2021-07-30,https://www.hkma.gov.hk/eng/news-and-media/press-releases/2021/07/20210730-8/,30,1,False
social_financing,2021-07,2021-08-11,https://www.pbc.gov.cn/diaochatongjisi/116219/116225/0dc4a2dd60e74609bb59e652c2783180/index.html,11,20,False
hk_m2,2021-07,2021-08-31,https://www.hkma.gov.hk/eng/news-and-media/press-releases/2021/08/20210831-7/,31,0,False
social_financing,2021-08,2021-09-10,https://www.pbc.gov.cn/diaochatongjisi/116219/116225/8adc9feb44d249a5bd079ffac92bbdba/index.html,10,20,False
hk_m2,2021-08,2021-09-30,https://www.hkma.gov.hk/eng/news-and-media/press-releases/2021/09/20210930-7/,30,0,False
social_financing,2021-09,2021-10-13,https://www.pbc.gov.cn/diaochatongjisi/116219/116225/6ee5fabc89db43509b827f32b2cccf4e/index.html,13,18,False
gdp,2021-Q3,2021-10-19,https://www.stats.gov.cn/sj/zxfb/202302/t20230203_1901249.html,19,12,False
hk_m2,2021-09,2021-10-29,https://www.hkma.gov.hk/eng/news-and-media/press-releases/2021/10/20211029-9/,29,2,False
ppi,2021-10,2021-11-10,https://www.stats.gov.cn/sj/zxfb/202302/t20230203_1901273.html,10,20,False
social_financing,2021-10,2021-11-10,https://www.pbc.gov.cn/diaochatongjisi/116219/116225/060353e3475841a3a8335d734584dba5/index.html,10,20,False
retail,2021-10,2021-11-15,https://www.stats.gov.cn/sj/zxfb/202302/t20230203_1901282.html,15,15,False
hk_m2,2021-10,2021-11-30,https://www.hkma.gov.hk/eng/news-and-media/press-releases/2021/11/20211130-9/,30,0,False
social_financing,2021-11,2021-12-09,https://www.pbc.gov.cn/diaochatongjisi/116219/116225/faa976fa4fce438187d7be75d2ef810f/index.html,9,22,False
ppi,2021-11,2021-12-09,https://www.stats.gov.cn/sj/zxfb/202302/t20230203_1901297.html,9,22,False
retail,2021-11,2021-12-15,https://www.stats.gov.cn/sj/zxfb/202302/t20230203_1901308.html,15,16,False
hk_m2,2021-11,2021-12-31,https://www.hkma.gov.hk/eng/news-and-media/press-releases/2021/12/20211231-6/,31,0,False
ppi,2021-12,2022-01-12,https://www.stats.gov.cn/sj/zxfb/202302/t20230203_1901329.html,12,19,False
social_financing,2021-12,2022-01-12,https://www.pbc.gov.cn/diaochatongjisi/116219/116225/3051eaa129284cae9ece5e5a109fc951/index.html,12,19,False
gdp,2021-Q4,2022-01-18,https://www.stats.gov.cn/sj/zxfb/202302/t20230203_1901345.html,18,13,False
hk_m2,2021-12,2022-01-31,https://www.hkma.gov.hk/eng/news-and-media/press-releases/2022/01/20220131-10/,31,0,False
social_financing,2022-01,2022-02-10,https://www.pbc.gov.cn/diaochatongjisi/116219/116225/8826399de63e4463b10f6c60a2e927a5/index.html,10,18,False
ppi,2022-01,2022-02-16,https://www.stats.gov.cn/sj/zxfb/202302/t20230203_1901368.html,16,12,False
hk_m2,2022-01,2022-02-28,https://www.hkma.gov.hk/eng/news-and-media/press-releases/2022/02/20220228-6/,28,0,False
ppi,2022-02,2022-03-09,https://www.stats.gov.cn/sj/zxfb/202302/t20230203_1901399.html,9,22,False
social_financing,2022-02,2022-03-11,https://www.pbc.gov.cn/diaochatongjisi/116219/116225/e359ed6ec45848809e2539ed0da5d6a3/index.html,11,20,False
retail,2022-02,2022-03-15,https://www.stats.gov.cn/sj/zxfb/202302/t20230203_1901406.html,15,16,True
hk_m2,2022-02,2022-03-31,https://www.hkma.gov.hk/eng/news-and-media/press-releases/2022/03/20220331-6/,31,0,False
ppi,2022-03,2022-04-11,https://www.stats.gov.cn/sj/zxfb/202302/t20230203_1901422.html,11,19,False
social_financing,2022-03,2022-04-11,https://www.pbc.gov.cn/diaochatongjisi/116219/116225/0d562ce73b4c4918a09402ded21f6987/index.html,11,19,False
gdp,2022-Q1,2022-04-19,https://www.stats.gov.cn/sj/zxfb/202302/t20230203_1901436.html,19,11,False
hk_m2,2022-03,2022-04-29,https://www.hkma.gov.hk/eng/news-and-media/press-releases/2022/04/20220429-7/,29,1,False
ppi,2022-04,2022-05-11,https://www.stats.gov.cn/sj/zxfb/202302/t20230203_1901457.html,11,20,False
social_financing,2022-04,2022-05-13,https://www.pbc.gov.cn/diaochatongjisi/116219/116225/afdb0fe29d4444b3b24ed9a8df69bf83/index.html,13,18,False
retail,2022-04,2022-05-16,https://www.stats.gov.cn/sj/zxfb/202302/t20230203_1901464.html,16,15,False
hk_m2,2022-04,2022-05-31,https://www.hkma.gov.hk/eng/news-and-media/press-releases/2022/05/20220531-8/,31,0,False
ppi,2022-05,2022-06-10,https://www.stats.gov.cn/sj/zxfb/202302/t20230203_1901483.html,10,20,False
social_financing,2022-05,2022-06-10,https://www.pbc.gov.cn/diaochatongjisi/116219/116225/09ece5e2db124155b7e3b6800f4e34be/index.html,10,20,False
retail,2022-05,2022-06-15,https://www.stats.gov.cn/sj/zxfb/202302/t20230203_1901490.html,15,15,False
hk_m2,2022-05,2022-06-30,https://www.hkma.gov.hk/eng/news-and-media/press-releases/2022/06/20220630-6/,30,0,False
ppi,2022-06,2022-07-09,https://www.stats.gov.cn/sj/zxfb/202302/t20230203_1901505.html,9,22,False
social_financing,2022-06,2022-07-11,https://www.pbc.gov.cn/diaochatongjisi/116219/116225/da105e572fc54baaad1bee3d96f06b1c/index.html,11,20,False
retail,2022-06,2022-07-15,https://www.stats.gov.cn/sj/zxfb/202302/t20230203_1901517.html,15,16,False
gdp,2022-Q2,2022-07-16,https://www.stats.gov.cn/sj/zxfb/202302/t20230203_1901532.html,16,15,False
hk_m2,2022-06,2022-07-29,https://www.hkma.gov.hk/eng/news-and-media/press-releases/2022/07/20220729-7/,29,2,False
ppi,2022-07,2022-08-10,https://www.stats.gov.cn/sj/zxfb/202302/t20230203_1901543.html,10,21,False
social_financing,2022-07,2022-08-12,https://www.pbc.gov.cn/diaochatongjisi/116219/116225/8ef2eb7c3d954ed49c5c2e1b28153797/index.html,12,19,False
retail,2022-07,2022-08-15,https://www.stats.gov.cn/sj/zxfb/202302/t20230203_1901552.html,15,16,False
hk_m2,2022-07,2022-08-31,https://www.hkma.gov.hk/eng/news-and-media/press-releases/2022/08/20220831-7/,31,0,False
ppi,2022-08,2022-09-09,https://www.stats.gov.cn/sj/zxfb/202302/t20230203_1901571.html,9,21,False
social_financing,2022-08,2022-09-09,https://www.pbc.gov.cn/diaochatongjisi/116219/116225/369a0dca8c9b40a3a0dffcd8b98fdb17/index.html,9,21,False
retail,2022-08,2022-09-16,https://www.stats.gov.cn/sj/zxfb/202302/t20230203_1901583.html,16,14,False
hk_m2,2022-08,2022-09-30,https://www.hkma.gov.hk/eng/news-and-media/press-releases/2022/09/20220930-6/,30,0,False
social_financing,2022-09,2022-10-11,https://www.pbc.gov.cn/diaochatongjisi/116219/116225/fe7254937c4c48a587b0a6e3c1d6dba5/index.html,11,20,False
ppi,2022-09,2022-10-14,https://www.stats.gov.cn/sj/zxfb/202302/t20230203_1901614.html,14,17,False
gdp,2022-Q3,2022-10-24,https://www.stats.gov.cn/sj/zxfb/202302/t20230203_1901626.html,24,7,False
retail,2022-09,2022-10-24,https://www.stats.gov.cn/sj/zxfb/202302/t20230203_1901619.html,24,7,False
hk_m2,2022-09,2022-10-31,https://www.hkma.gov.hk/eng/news-and-media/press-releases/2022/10/20221031-8/,31,0,False
ppi,2022-10,2022-11-09,https://www.stats.gov.cn/sj/zxfb/202302/t20230203_1901648.html,9,21,False
social_financing,2022-10,2022-11-10,https://www.pbc.gov.cn/diaochatongjisi/116219/116225/aa9f6708343245359814138dad70f74a/index.html,10,20,False
retail,2022-10,2022-11-15,https://www.stats.gov.cn/sj/zxfb/202302/t20230203_1901655.html,15,15,False
hk_m2,2022-10,2022-11-30,https://www.hkma.gov.hk/eng/news-and-media/press-releases/2022/11/20221130-6/,30,0,False
ppi,2022-11,2022-12-09,https://www.stats.gov.cn/sj/zxfb/202302/t20230203_1901671.html,9,22,False
social_financing,2022-11,2022-12-12,https://www.pbc.gov.cn/diaochatongjisi/116219/116225/905a82aff74f46b2a85829522d016afc/index.html,12,19,False
retail,2022-11,2022-12-15,https://www.stats.gov.cn/sj/zxfb/202302/t20230203_1901682.html,15,16,False
hk_m2,2022-11,2022-12-30,https://www.hkma.gov.hk/eng/news-and-media/press-releases/2022/12/20221230-6/,30,1,False
social_financing,2022-12,2023-01-10,https://www.pbc.gov.cn/diaochatongjisi/116219/116225/76eb157c3e964915b9adcba2f4d0c643/index.html,10,21,False
ppi,2022-12,2023-01-12,https://www.stats.gov.cn/sj/zxfb/202302/t20230203_1901704.html,12,19,False
gdp,2022-Q4,2023-01-18,https://www.stats.gov.cn/sj/zxfb/202302/t20230203_1901718.html,18,13,False
hk_m2,2022-12,2023-01-31,https://www.hkma.gov.hk/eng/news-and-media/press-releases/2023/01/20230131-10/,31,0,False
social_financing,2023-01,2023-02-10,https://www.pbc.gov.cn/diaochatongjisi/116219/116225/08913263a9fc4b398ca36a34d3356ed7/index.html,10,18,False
ppi,2023-01,2023-02-10,https://www.stats.gov.cn/sj/zxfb/202302/t20230220_1913662.html,10,18,False
hk_m2,2023-01,2023-02-28,https://www.hkma.gov.hk/eng/news-and-media/press-releases/2023/02/20230228-7/,28,0,False
ppi,2023-02,2023-03-09,https://www.stats.gov.cn/sj/zxfb/202303/t20230309_1936953.html,9,22,False
social_financing,2023-02,2023-03-10,https://www.pbc.gov.cn/diaochatongjisi/116219/116225/10efa07960ae4dc687872f7a52489a7c/index.html,10,21,False
retail,2023-02,2023-03-15,https://www.stats.gov.cn/sj/zxfb/202303/t20230315_1937198.html,15,16,True
hk_m2,2023-02,2023-03-31,https://www.hkma.gov.hk/eng/news-and-media/press-releases/2023/03/20230331-7/,31,0,False
ppi,2023-03,2023-04-11,https://www.stats.gov.cn/sj/zxfb/202304/t20230411_1938508.html,11,19,False
social_financing,2023-03,2023-04-11,https://www.pbc.gov.cn/diaochatongjisi/116219/116225/c512e1903d2940028ca5285cc9a2287e/index.html,11,19,False
retail,2023-03,2023-04-18,https://www.stats.gov.cn/sj/zxfb/202304/t20230418_1938710.html,18,12,False
gdp,2023-Q1,2023-04-19,https://www.stats.gov.cn/sj/zxfb/202304/t20230419_1938791.html,19,11,False
hk_m2,2023-03,2023-04-28,https://www.hkma.gov.hk/eng/news-and-media/press-releases/2023/04/20230428-8/,28,2,False
ppi,2023-04,2023-05-11,https://www.stats.gov.cn/sj/zxfb/202305/t20230511_1939348.html,11,20,False
social_financing,2023-04,2023-05-11,https://www.pbc.gov.cn/diaochatongjisi/116219/116225/b0bb99815f124e06929d73a4c93c2be2/index.html,11,20,False
retail,2023-04,2023-05-16,https://www.stats.gov.cn/sj/zxfb/202305/t20230516_1939485.html,16,15,False
hk_m2,2023-04,2023-05-31,https://www.hkma.gov.hk/eng/news-and-media/press-releases/2023/05/20230531-7/,31,0,False
ppi,2023-05,2023-06-09,https://www.stats.gov.cn/sj/zxfb/202306/t20230609_1940480.html,9,21,False
social_financing,2023-05,2023-06-13,https://www.pbc.gov.cn/diaochatongjisi/116219/116225/92cec080515049f58811a7108ada6c34/index.html,13,17,False
retail,2023-05,2023-06-15,https://www.stats.gov.cn/sj/zxfb/202306/t20230615_1940627.html,15,15,False
hk_m2,2023-05,2023-06-30,https://www.hkma.gov.hk/eng/news-and-media/press-releases/2023/06/20230630-7/,30,0,False
ppi,2023-06,2023-07-10,https://www.stats.gov.cn/sj/zxfb/202307/t20230710_1941148.html,10,21,False
social_financing,2023-06,2023-07-11,https://www.pbc.gov.cn/diaochatongjisi/116219/116225/626f0af44cca4c10a7352dac70b2f3e6/index.html,11,20,False
retail,2023-06,2023-07-17,https://www.stats.gov.cn/sj/zxfb/202307/t20230715_1941269.html,17,14,False
gdp,2023-Q2,2023-07-18,https://www.stats.gov.cn/sj/zxfb/202307/t20230717_1941310.html,18,13,False
hk_m2,2023-06,2023-07-31,https://www.hkma.gov.hk/eng/news-and-media/press-releases/2023/07/20230731-9/,31,0,False
ppi,2023-07,2023-08-09,https://www.stats.gov.cn/sj/zxfb/202308/t20230809_1941864.html,9,22,False
social_financing,2023-07,2023-08-11,https://www.pbc.gov.cn/diaochatongjisi/116219/116225/47f1e744b5654016a25bf9127823073a/index.html,11,20,False
retail,2023-07,2023-08-15,https://www.stats.gov.cn/sj/zxfb/202308/t20230815_1941958.html,15,16,False
hk_m2,2023-07,2023-08-31,https://www.hkma.gov.hk/eng/news-and-media/press-releases/2023/08/20230831-9/,31,0,False
ppi,2023-08,2023-09-09,https://www.stats.gov.cn/sj/zxfb/202309/t20230909_1942696.html,9,21,False
social_financing,2023-08,2023-09-11,https://www.pbc.gov.cn/diaochatongjisi/116219/116225/723d31a0915a4e2caf97b1fa02030640/index.html,11,19,False
retail,2023-08,2023-09-15,https://www.stats.gov.cn/sj/zxfb/202309/t20230915_1942849.html,15,15,False
hk_m2,2023-08,2023-09-29,https://www.hkma.gov.hk/eng/news-and-media/press-releases/2023/09/20230929-7/,29,1,False
ppi,2023-09,2023-10-13,https://www.stats.gov.cn/sj/zxfb/202310/t20231013_1943549.html,13,18,False
social_financing,2023-09,2023-10-13,https://www.pbc.gov.cn/diaochatongjisi/116219/116225/46d26f1e0c4240eab705ce0ea2a40ebc/index.html,13,18,False
retail,2023-09,2023-10-18,https://www.stats.gov.cn/sj/zxfb/202310/t20231018_1943658.html,18,13,False
gdp,2023-Q3,2023-10-19,https://www.stats.gov.cn/sj/zxfb/202310/t20231019_1943720.html,19,12,False
hk_m2,2023-09,2023-10-31,https://www.hkma.gov.hk/eng/news-and-media/press-releases/2023/10/20231031-8/,31,0,False
ppi,2023-10,2023-11-09,https://www.stats.gov.cn/sj/zxfb/202311/t20231109_1944383.html,9,21,False
social_financing,2023-10,2023-11-13,https://www.pbc.gov.cn/diaochatongjisi/116219/116225/821ce1dded74440e9a4d06208af2170c/index.html,13,17,False
retail,2023-10,2023-11-15,https://www.stats.gov.cn/sj/zxfb/202311/t20231115_1944530.html,15,15,False
hk_m2,2023-10,2023-11-30,https://www.hkma.gov.hk/eng/news-and-media/press-releases/2023/11/20231130-6/,30,0,False
ppi,2023-11,2023-12-09,https://www.stats.gov.cn/sj/zxfb/202312/t20231209_1945395.html,9,22,False
social_financing,2023-11,2023-12-13,https://www.pbc.gov.cn/diaochatongjisi/116219/116225/5514fd0fcd584a21b5f5f761fead459a/index.html,13,18,False
retail,2023-11,2023-12-15,https://www.stats.gov.cn/sj/zxfb/202312/t20231215_1945575.html,15,16,False
hk_m2,2023-11,2023-12-29,https://www.hkma.gov.hk/eng/news-and-media/press-releases/2023/12/20231229-7/,29,2,False
ppi,2023-12,2024-01-12,https://www.stats.gov.cn/sj/zxfb/202401/t20240112_1946466.html,12,19,False
social_financing,2023-12,2024-01-12,https://www.pbc.gov.cn/diaochatongjisi/116219/116225/2a6db318ee1c4af684037b0414ed411b/index.html,12,19,False
retail,2023-12,2024-01-17,https://www.stats.gov.cn/sj/zxfb/202401/t20240116_1946619.html,17,14,False
gdp,2023-Q4,2024-01-18,https://www.stats.gov.cn/sj/zxfb/202401/t20240118_1946691.html,18,13,False
hk_m2,2023-12,2024-01-31,https://www.hkma.gov.hk/eng/news-and-media/press-releases/2024/01/20240131-7/,31,0,False
ppi,2024-01,2024-02-08,https://www.stats.gov.cn/sj/zxfb/202402/t20240208_1947624.html,8,21,False
social_financing,2024-01,2024-02-09,https://www.pbc.gov.cn/diaochatongjisi/116219/116225/d3cea9a15135428c8ecb623c90117476/index.html,9,20,False
hk_m2,2024-01,2024-02-29,https://www.hkma.gov.hk/eng/news-and-media/press-releases/2024/02/20240229-7/,29,0,False
ppi,2024-02,2024-03-09,https://www.stats.gov.cn/sj/zxfb/202403/t20240321_1948095.html,9,22,False
social_financing,2024-02,2024-03-15,https://www.pbc.gov.cn/diaochatongjisi/116219/116225/c9173564e2db494ca1e4023d63d1e5b4/index.html,15,16,False
retail,2024-02,2024-03-18,https://www.stats.gov.cn/sj/zxfb/202403/t20240327_1948175.html,18,13,True
hk_m2,2024-02,2024-03-28,https://www.hkma.gov.hk/eng/news-and-media/press-releases/2024/03/20240328-6/,28,3,False
ppi,2024-03,2024-04-11,https://www.stats.gov.cn/sj/zxfb/202404/t20240411_1948465.html,11,19,False
social_financing,2024-03,2024-04-12,https://www.pbc.gov.cn/diaochatongjisi/116219/116225/cbaf9d4deb874483adeb72163ba97b7b/index.html,12,18,False
retail,2024-03,2024-04-16,https://www.stats.gov.cn/sj/zxfb/202404/t20240416_1948573.html,16,14,False
gdp,2024-Q1,2024-04-17,https://www.stats.gov.cn/sj/zxfb/202404/t20240429_1948771.html,17,13,False
hk_m2,2024-03,2024-04-30,https://www.hkma.gov.hk/eng/news-and-media/press-releases/2024/04/20240430-10/,30,0,False
social_financing,2024-04,2024-05-11,https://www.pbc.gov.cn/diaochatongjisi/116219/116225/2a9ff820444d42ce855114bb82473bbe/index.html,11,20,False
ppi,2024-04,2024-05-11,https://www.stats.gov.cn/sj/zxfb/202405/t20240511_1950304.html,11,20,False
retail,2024-04,2024-05-17,https://www.stats.gov.cn/sj/zxfb/202405/t20240520_1950429.html,17,14,False
hk_m2,2024-04,2024-05-31,https://www.hkma.gov.hk/eng/news-and-media/press-releases/2024/05/20240531-8/,31,0,False
ppi,2024-05,2024-06-12,https://www.stats.gov.cn/sj/zxfb/202406/t20240612_1954520.html,12,18,False
social_financing,2024-05,2024-06-14,https://www.pbc.gov.cn/diaochatongjisi/116219/116225/4547b8beed7a4ec2b00eb3267fb83e53/index.html,14,16,False
retail,2024-05,2024-06-17,https://www.stats.gov.cn/sj/zxfb/202406/t20240617_1954709.html,17,13,False
hk_m2,2024-05,2024-06-28,https://www.hkma.gov.hk/eng/news-and-media/press-releases/2024/06/20240628-6/,28,2,False
ppi,2024-06,2024-07-10,https://www.stats.gov.cn/sj/zxfb/202407/t20240710_1955509.html,10,21,False
social_financing,2024-06,2024-07-12,https://www.pbc.gov.cn/diaochatongjisi/116219/116225/b041fc0852834d2fb4badd164b3228dd/index.html,12,19,False
retail,2024-06,2024-07-15,https://www.stats.gov.cn/sj/zxfb/202407/t20240715_1955609.html,15,16,False
gdp,2024-Q2,2024-07-16,https://www.stats.gov.cn/sj/zxfb/202407/t20240716_1955649.html,16,15,False
hk_m2,2024-06,2024-07-31,https://www.hkma.gov.hk/eng/news-and-media/press-releases/2024/07/20240731-8/,31,0,False
ppi,2024-07,2024-08-09,https://www.stats.gov.cn/sj/zxfb/202408/t20240809_1955949.html,9,22,False
social_financing,2024-07,2024-08-13,https://www.pbc.gov.cn/diaochatongjisi/116219/116225/988eaca0ab0b4ac7918b2bfe17477d6f/index.html,13,18,False
retail,2024-07,2024-08-15,https://www.stats.gov.cn/sj/zxfb/202408/t20240815_1955981.html,15,16,False
hk_m2,2024-07,2024-08-30,https://www.hkma.gov.hk/eng/news-and-media/press-releases/2024/08/20240830-6/,30,1,False
ppi,2024-08,2024-09-09,https://www.stats.gov.cn/sj/zxfb/202409/t20240909_1956310.html,9,21,False
social_financing,2024-08,2024-09-13,https://www.pbc.gov.cn/diaochatongjisi/116219/116225/373dac1b6d60401199aedf83e8513380/index.html,13,17,False
retail,2024-08,2024-09-14,https://www.stats.gov.cn/sj/zxfb/202409/t20240914_1956481.html,14,16,False
hk_m2,2024-08,2024-09-30,https://www.hkma.gov.hk/eng/news-and-media/press-releases/2024/09/20240930-8/,30,0,False
ppi,2024-09,2024-10-13,https://www.stats.gov.cn/sj/zxfb/202410/t20241013_1956898.html,13,18,False
social_financing,2024-09,2024-10-14,https://www.pbc.gov.cn/diaochatongjisi/116219/116225/37fce88395f94291b223bde31bce878a/index.html,14,17,False
retail,2024-09,2024-10-18,https://www.stats.gov.cn/sj/zxfb/202410/t20241018_1957039.html,18,13,False
gdp,2024-Q3,2024-10-19,https://www.stats.gov.cn/sj/zxfb/202410/t20241019_1957083.html,19,12,False
hk_m2,2024-09,2024-10-31,https://www.hkma.gov.hk/eng/news-and-media/press-releases/2024/10/20241031-7/,31,0,False
ppi,2024-10,2024-11-09,https://www.stats.gov.cn/sj/zxfb/202411/t20241109_1957352.html,9,21,False
social_financing,2024-10,2024-11-11,https://www.pbc.gov.cn/diaochatongjisi/116219/116225/9bef14011fa3468f99c82cda832eae73/index.html,11,19,False
retail,2024-10,2024-11-15,https://www.stats.gov.cn/sj/zxfb/202411/t20241115_1957427.html,15,15,False
hk_m2,2024-10,2024-11-29,https://www.hkma.gov.hk/eng/news-and-media/press-releases/2024/11/20241129-6/,29,1,False
ppi,2024-11,2024-12-09,https://www.stats.gov.cn/sj/zxfb/202412/t20241209_1957688.html,9,22,False
social_financing,2024-11,2024-12-13,https://www.pbc.gov.cn/diaochatongjisi/116219/116225/902098a6afb84b6ea3aa13bb6135da7a/index.html,13,18,False
retail,2024-11,2024-12-16,https://www.stats.gov.cn/sj/zxfb/202412/t20241216_1957759.html,16,15,False
hk_m2,2024-11,2024-12-31,https://www.hkma.gov.hk/eng/news-and-media/press-releases/2024/12/20241231-8/,31,0,False
ppi,2024-12,2025-01-09,https://www.stats.gov.cn/sj/zxfb/202501/t20250109_1958169.html,9,22,False
social_financing,2024-12,2025-01-14,https://www.pbc.gov.cn/diaochatongjisi/116219/116225/55758b7d91ee4fcf8b79adc16cc87b13/index.html,14,17,False
retail,2024-12,2025-01-17,https://www.stats.gov.cn/sj/zxfb/202501/t20250117_1958327.html,17,14,False
gdp,2024-Q4,2025-01-18,https://www.stats.gov.cn/sj/zxfb/202501/t20250118_1958363.html,18,13,False
hk_m2,2024-12,2025-01-28,https://www.hkma.gov.hk/eng/news-and-media/press-releases/2025/01/20250128-8/,28,3,False
ppi,2025-01,2025-02-09,https://www.stats.gov.cn/sj/zxfb/202502/t20250209_1958645.html,9,19,False
social_financing,2025-01,2025-02-14,https://www.pbc.gov.cn/goutongjiaoliu/113456/113469/2025092212554594361/index.html,14,14,False
hk_m2,2025-01,2025-02-28,https://www.hkma.gov.hk/eng/news-and-media/press-releases/2025/02/20250228-7/,28,0,False
ppi,2025-02,2025-03-09,https://www.stats.gov.cn/sj/zxfb/202503/t20250309_1958914.html,9,22,False
social_financing,2025-02,2025-03-14,https://www.pbc.gov.cn/diaochatongjisi/116219/116225/2025080618505035955/index.html,14,17,False
retail,2025-02,2025-03-17,https://www.stats.gov.cn/sj/zxfb/202503/t20250317_1959014.html,17,14,True
hk_m2,2025-02,2025-03-31,https://www.hkma.gov.hk/eng/news-and-media/press-releases/2025/03/20250331-8/,31,0,False
ppi,2025-03,2025-04-10,https://www.stats.gov.cn/sj/zxfb/202504/t20250410_1959260.html,10,20,False
social_financing,2025-03,2025-04-13,https://www.pbc.gov.cn/diaochatongjisi/116219/116225/2025080618505029659/index.html,13,17,False
retail,2025-03,2025-04-16,https://www.stats.gov.cn/sj/zxfb/202504/t20250416_1959317.html,16,14,False
gdp,2025-Q1,2025-04-17,https://www.stats.gov.cn/sj/zxfb/202504/t20250417_1959334.html,17,13,False
hk_m2,2025-03,2025-04-30,https://www.hkma.gov.hk/eng/news-and-media/press-releases/2025/04/20250430-9/,30,0,False
ppi,2025-04,2025-05-10,https://www.stats.gov.cn/sj/zxfb/202505/t20250510_1959770.html,10,21,False
social_financing,2025-04,2025-05-14,https://www.pbc.gov.cn/diaochatongjisi/116219/116225/2025080618505053336/index.html,14,17,False
retail,2025-04,2025-05-19,https://www.stats.gov.cn/sj/zxfb/202505/t20250519_1959858.html,19,12,False
hk_m2,2025-04,2025-05-30,https://www.hkma.gov.hk/eng/news-and-media/press-releases/2025/05/20250530-6/,30,1,False
ppi,2025-05,2025-06-09,https://www.stats.gov.cn/sj/zxfb/202506/t20250609_1960093.html,9,21,False
social_financing,2025-05,2025-06-13,https://www.pbc.gov.cn/diaochatongjisi/116219/116225/2025080618505079602/index.html,13,17,False
retail,2025-05,2025-06-16,https://www.stats.gov.cn/sj/zxfb/202506/t20250616_1960169.html,16,14,False
hk_m2,2025-05,2025-06-30,https://www.hkma.gov.hk/eng/news-and-media/press-releases/2025/06/20250630-7/,30,0,False
ppi,2025-06,2025-07-09,https://www.stats.gov.cn/sj/zxfb/202507/t20250709_1960367.html,9,22,False
social_financing,2025-06,2025-07-14,https://www.pbc.gov.cn/diaochatongjisi/116219/116225/2025080618505047467/index.html,14,17,False
retail,2025-06,2025-07-15,https://www.stats.gov.cn/sj/zxfb/202507/t20250715_1960409.html,15,16,False
gdp,2025-Q2,2025-07-16,https://www.stats.gov.cn/sj/zxfb/202507/t20250716_1960426.html,16,15,False
hk_m2,2025-06,2025-07-31,https://www.hkma.gov.hk/eng/news-and-media/press-releases/2025/07/20250731-8/,31,0,False
ppi,2025-07,2025-08-09,https://www.stats.gov.cn/sj/zxfb/202508/t20250809_1960634.html,9,22,False
social_financing,2025-07,2025-08-13,https://www.pbc.gov.cn/diaochatongjisi/116219/116225/aa6b70461fd047c587722091c45956be/index.html,13,18,False
retail,2025-07,2025-08-15,https://www.stats.gov.cn/sj/zxfb/202508/t20250815_1960783.html,15,16,False
hk_m2,2025-07,2025-08-29,https://www.hkma.gov.hk/eng/news-and-media/press-releases/2025/08/20250829-6/,29,2,False
ppi,2025-08,2025-09-10,https://www.stats.gov.cn/sj/zxfb/202509/t20250910_1961108.html,10,20,False
social_financing,2025-08,2025-09-12,https://www.pbc.gov.cn/diaochatongjisi/116219/116225/523c260b344c4f1390664430295064a9/index.html,12,18,False
retail,2025-08,2025-09-15,https://www.stats.gov.cn/sj/zxfb/202509/t20250915_1961177.html,15,15,False
hk_m2,2025-08,2025-09-30,https://www.hkma.gov.hk/eng/news-and-media/press-releases/2025/09/20250930-6/,30,0,False
social_financing,2025-09,2025-10-15,https://www.pbc.gov.cn/diaochatongjisi/116219/116225/dded7449c74144a19171f582bec9ed36/index.html,15,16,False
ppi,2025-09,2025-10-15,https://www.stats.gov.cn/sj/zxfb/202510/t20251015_1961520.html,15,16,False
retail,2025-09,2025-10-20,https://www.stats.gov.cn/sj/zxfb/202510/t20251020_1961606.html,20,11,False
gdp,2025-Q3,2025-10-21,https://www.stats.gov.cn/sj/zxfb/202510/t20251021_1961646.html,21,10,False
hk_m2,2025-09,2025-10-31,https://www.hkma.gov.hk/eng/news-and-media/press-releases/2025/10/20251031-8/,31,0,False
ppi,2025-10,2025-11-09,https://www.stats.gov.cn/sj/zxfb/202511/t20251109_1961822.html,9,21,False
social_financing,2025-10,2025-11-13,https://www.pbc.gov.cn/diaochatongjisi/116219/116225/f294561578884c22878d115780ba7c08/index.html,13,17,False
retail,2025-10,2025-11-14,https://www.stats.gov.cn/sj/zxfb/202511/t20251114_1961852.html,14,16,False
hk_m2,2025-10,2025-11-28,https://www.hkma.gov.hk/eng/news-and-media/press-releases/2025/11/20251128-6/,28,2,False
ppi,2025-11,2025-12-10,https://www.stats.gov.cn/sj/zxfb/202512/t20251210_1962014.html,10,21,False
social_financing,2025-11,2025-12-12,https://www.pbc.gov.cn/diaochatongjisi/116219/116225/2025121217132789688/index.html,12,19,False
retail,2025-11,2025-12-15,https://www.stats.gov.cn/sj/zxfb/202512/t20251215_1962071.html,15,16,False
hk_m2,2025-11,2025-12-31,https://www.hkma.gov.hk/eng/news-and-media/press-releases/2025/12/20251231-6/,31,0,False
ppi,2025-12,2026-01-09,https://www.stats.gov.cn/sj/zxfb/202601/t20260109_1962272.html,9,22,False
social_financing,2025-12,2026-01-15,https://www.pbc.gov.cn/diaochatongjisi/116219/116225/2026011515015720511/index.html,15,16,False
retail,2025-12,2026-01-19,https://www.stats.gov.cn/sj/zxfb/202601/t20260119_1962323.html,19,12,False
gdp,2025-Q4,2026-01-20,https://www.stats.gov.cn/sj/zxfb/202601/t20260120_1962349.html,20,11,False
hk_m2,2025-12,2026-01-30,https://www.hkma.gov.hk/eng/news-and-media/press-releases/2026/01/20260130-9/,30,1,False
ppi,2026-01,2026-02-11,https://www.stats.gov.cn/sj/zxfb/202602/t20260211_1962587.html,11,17,False
social_financing,2026-01,2026-02-13,https://www.pbc.gov.cn/diaochatongjisi/116219/116225/2026021317031040775/index.html,13,15,False
hk_m2,2026-01,2026-02-27,https://www.hkma.gov.hk/eng/news-and-media/press-releases/2026/02/20260227-6/,27,1,False
ppi,2026-02,2026-03-09,https://www.stats.gov.cn/sj/zxfb/202603/t20260309_1962729.html,9,22,False
social_financing,2026-02,2026-03-13,https://www.pbc.gov.cn/diaochatongjisi/116219/116225/2026031317020260950/index.html,13,18,False
retail,2026-02,2026-03-16,https://www.stats.gov.cn/sj/zxfb/202603/t20260316_1962786.html,16,15,True
hk_m2,2026-02,2026-03-31,https://www.hkma.gov.hk/eng/news-and-media/press-releases/2026/03/20260331-7/,31,0,False
ppi,2026-03,2026-04-10,https://www.stats.gov.cn/sj/zxfb/202604/t20260410_1963263.html,10,20,False
social_financing,2026-03,2026-04-13,https://www.pbc.gov.cn/diaochatongjisi/116219/116225/2026041317011944771/index.html,13,17,False
retail,2026-03,2026-04-16,https://www.stats.gov.cn/sj/zxfb/202604/t20260416_1963325.html,16,14,False
gdp,2026-Q1,2026-04-17,https://www.stats.gov.cn/sj/zxfb/202604/t20260417_1963336.html,17,13,False
hk_m2,2026-03,2026-04-30,https://www.hkma.gov.hk/eng/news-and-media/press-releases/2026/04/20260430-10/,30,0,False
ppi,2026-04,2026-05-11,https://www.stats.gov.cn/sj/zxfb/202605/t20260511_1963658.html,11,20,False
social_financing,2026-04,2026-05-14,https://www.pbc.gov.cn/diaochatongjisi/116219/116225/2026051417030520490/index.html,14,17,False
retail,2026-04,2026-05-18,https://www.stats.gov.cn/sj/zxfb/202605/t20260518_1963727.html,18,13,False
hk_m2,2026-04,2026-05-29,https://www.hkma.gov.hk/eng/news-and-media/press-releases/2026/05/20260529-6/,29,2,False
ppi,2026-05,2026-06-10,https://www.stats.gov.cn/sj/zxfb/202606/t20260610_1963922.html,10,20,False
social_financing,2026-05,2026-06-12,https://www.pbc.gov.cn/diaochatongjisi/116219/116225/2026061217051611931/index.html,12,18,False
retail,2026-05,2026-06-16,https://www.stats.gov.cn/sj/zxfb/202606/t20260616_1963949.html,16,14,False
hk_m2,2026-05,2026-06-30,https://www.hkma.gov.hk/eng/news-and-media/press-releases/2026/06/20260630-8/,30,0,False
ppi,2026-06,2026-07-09,https://www.stats.gov.cn/sj/zxfb/202607/t20260709_1964083.html,9,22,False
retail,2026-06,2026-07-15,https://www.stats.gov.cn/sj/zxfb/202607/t20260715_1964127.html,15,16,False
social_financing,2026-06,2026-07-15,https://www.pbc.gov.cn/diaochatongjisi/116219/116225/2026071515025183948/index.html,15,16,False
gdp,2026-Q2,2026-07-16,https://www.stats.gov.cn/sj/zxfb/202607/t20260716_1964142.html,16,15,False
hk_m2,2026-06,2026-07-31,https://www.hkma.gov.hk/eng/news-and-media/press-releases/2026/07/20260731-7/,31,0,False
ppi,2026-07,2026-08-09,https://www.stats.gov.cn/sj/zxfb/202608/t20260809_1965007.html,9,22,False
social_financing,2026-07,2026-08-14,https://www.pbc.gov.cn/diaochatongjisi/116219/116225/2026081416320925645/index.html,14,17,False
retail,2026-07,2026-08-17,https://www.stats.gov.cn/sj/zxfb/202608/t20260817_1965052.html,17,14,False
hk_m2,2026-07,2026-08-31,https://www.hkma.gov.hk/eng/news-and-media/press-releases/2026/08/20260831-6/,31,0,False
ppi,2026-08,2026-09-09,https://www.stats.gov.cn/sj/zxfb/202609/t20260909_1965262.html,9,21,False
social_financing,2026-08,2026-09-14,https://www.pbc.gov.cn/diaochatongjisi/116219/116225/2026091417020862747/index.html,14,16,False
retail,2026-08,2026-09-15,https://www.stats.gov.cn/sj/zxfb/202609/t20260915_1965311.html,15,15,False
hk_m2,2026-08,2026-09-30,https://www.hkma.gov.hk/eng/news-and-media/press-releases/2026/09/20260930-9/,30,0,False
