date,pe1,pe2,dy1,dy2,fetched_at
2026-08-28,8.01,7.78,4.34,4.83,2026-09-27 13:43:24
2026-08-31,8.18,7.84,4.24,4.79,2026-09-28 05:45:42
2026-09-01,8.29,7.98,4.19,4.74,2026-09-29 06:03:06
2026-09-02,8.29,7.93,4.19,4.77,2026-09-30 05:52:14
2026-09-03,8.21,7.92,4.23,4.77,2026-10-03 05:39:00
2026-09-04,8.25,7.96,4.21,4.75,2026-10-03 05:39:00
2026-09-07,8.12,7.88,4.28,4.79,2026-10-03 05:39:00
2026-09-08,8.13,7.96,4.27,4.75,2026-10-03 05:39:00
2026-09-09,8.17,7.98,4.25,4.73,2026-10-03 05:39:00
2026-09-10,8.24,8.01,4.21,4.72,2026-10-03 05:39:00
2026-09-11,8.23,7.93,4.22,4.77,2026-10-03 05:39:00
2026-09-14,8.26,7.96,4.2,4.75,2026-10-03 05:39:00
2026-09-15,8.19,7.88,4.24,4.79,2026-10-03 05:39:00
2026-09-16,8.13,7.82,4.27,4.83,2026-10-03 05:39:00
2026-09-17,8.11,7.79,4.28,4.85,2026-10-03 05:39:00
2026-09-18,8.06,7.78,4.31,4.86,2026-10-03 05:39:00
2026-09-21,8.11,7.79,4.28,4.85,2026-10-03 05:39:00
2026-09-22,8.13,7.79,4.27,4.85,2026-10-03 05:39:00
2026-09-23,8.08,7.76,4.3,4.87,2026-10-03 05:39:00
2026-09-24,8.12,7.76,4.27,4.87,2026-10-03 05:39:00
2026-09-25,8.12,7.76,4.27,4.87,2026-10-03 05:39:00
2026-09-28,8.14,7.74,4.27,4.88,2026-10-03 05:39:00
2026-09-29,8.15,7.74,4.26,4.88,2026-10-03 05:39:00
2026-09-30,8.24,7.85,4.39,5.03,2026-10-03 05:39:00
